DATE,RATE
2003-01-01,1.782917
2003-01-02,1.77611
2003-01-03,1.768797
2003-01-04,1.769976
2003-01-05,1.769976
2003-01-06,1.737804
2003-01-07,1.741144
2003-01-08,1.740583
2003-01-09,1.732433
2003-01-10,1.718688
2003-01-11,1.719932
2003-01-12,1.719932
2003-01-13,1.713961
2003-01-14,1.714262
2003-01-15,1.711419
2003-01-16,1.704294
2003-01-17,1.69074
2003-01-18,1.68963
2003-01-19,1.68963
2003-01-20,1.692862
2003-01-21,1.701879
2003-01-22,1.705667
2003-01-23,1.692296
2003-01-24,1.68924
2003-01-25,1.689361
2003-01-26,1.689361
2003-01-27,1.692063
2003-01-28,1.698648
2003-01-29,1.693823
2003-01-30,1.701614
2003-01-31,1.702755
2003-02-01,1.701503
2003-02-02,1.701503
2003-02-03,1.712769
2003-02-04,1.693583
2003-02-05,1.691952
2003-02-06,1.692055
2003-02-07,1.69412
2003-02-08,1.693961
2003-02-09,1.693961
2003-02-10,1.691232
2003-02-11,1.695722
2003-02-12,1.694104
2003-02-13,1.684188
2003-02-14,1.687504
2003-02-15,1.686941
2003-02-16,1.686941
2003-02-17,1.693479
2003-02-18,1.693707
2003-02-19,1.684188
2003-02-20,1.673378
2003-02-21,1.672832
2003-02-22,1.672104
2003-02-23,1.672104
2003-02-24,1.654143
2003-02-25,1.65127
2003-02-26,1.647756
2003-02-27,1.649479
2003-02-28,1.647767
2003-03-01,1.648937
2003-03-02,1.648937
2003-03-03,1.630507
2003-03-04,1.63198
2003-03-05,1.622559
2003-03-06,1.627458
2003-03-07,1.625853
2003-03-08,1.624472
2003-03-09,1.624472
2003-03-10,1.625592
2003-03-11,1.648441
2003-03-12,1.676783
2003-03-13,1.684574
2003-03-14,1.675013
2003-03-15,1.674992
2003-03-16,1.674992
2003-03-17,1.679824
2003-03-18,1.689478
2003-03-19,1.69281
2003-03-20,1.686594
2003-03-21,1.690583
2003-03-22,1.689608
2003-03-23,1.689608
2003-03-24,1.682773
2003-03-25,1.676907
2003-03-26,1.672908
2003-03-27,1.665044
2003-03-28,1.664628
2003-03-29,1.664115
2003-03-30,1.664115
2003-03-31,1.656525
2003-04-01,1.655724
2003-04-02,1.663829
2003-04-03,1.669486
2003-04-04,1.663898
2003-04-05,1.663438
2003-04-06,1.663438
2003-04-07,1.677173
2003-04-08,1.665642
2003-04-09,1.656096
2003-04-10,1.650717
2003-04-11,1.653231
2003-04-12,1.653089
2003-04-13,1.653089
2003-04-14,1.657668
2003-04-15,1.650656
2003-04-16,1.634377
2003-04-17,1.628309
2003-04-18,1.627803
2003-04-19,1.628465
2003-04-20,1.628465
2003-04-21,1.628598
2003-04-22,1.60995
2003-04-23,1.615749
2003-04-24,1.615378
2003-04-25,1.624628
2003-04-26,1.624343
2003-04-27,1.624343
2003-04-28,1.614039
2003-04-29,1.613236
2003-04-30,1.598435
2003-05-01,1.586676
2003-05-02,1.585859
2003-05-03,1.58438
2003-05-04,1.58438
2003-05-05,1.578156
2003-05-06,1.565237
2003-05-07,1.564577
2003-05-08,1.557477
2003-05-09,1.552073
2003-05-10,1.553375
2003-05-11,1.553375
2003-05-12,1.541694
2003-05-13,1.54567
2003-05-14,1.546
2003-05-15,1.555044
2003-05-16,1.538457
2003-05-17,1.539467
2003-05-18,1.539467
2003-05-19,1.527295
2003-05-20,1.52218
2003-05-21,1.522735
2003-05-22,1.518798
2003-05-23,1.518698
2003-05-24,1.518122
2003-05-25,1.518122
2003-05-26,1.518883
2003-05-27,1.519507
2003-05-28,1.537476
2003-05-29,1.54407
2003-05-30,1.532757
2003-05-31,1.532495
2003-06-01,1.532495
2003-06-02,1.526328
2003-06-03,1.516148
2003-06-04,1.503327
2003-06-05,1.500726
2003-06-06,1.514168
2003-06-07,1.511939
2003-06-08,1.511939
2003-06-09,1.519223
2003-06-10,1.520885
2003-06-11,1.509317
2003-06-12,1.505242
2003-06-13,1.500199
2003-06-14,1.500882
2003-06-15,1.500882
2003-06-16,1.496043
2003-06-17,1.491957
2003-06-18,1.488662
2003-06-19,1.492685
2003-06-20,1.495412
2003-06-21,1.494374
2003-06-22,1.494374
2003-06-23,1.505412
2003-06-24,1.506559
2003-06-25,1.493236
2003-06-26,1.503463
2003-06-27,1.502661
2003-06-28,1.502437
2003-06-29,1.502437
2003-06-30,1.491364
2003-07-01,1.478788
2003-07-02,1.4709
2003-07-03,1.468415
2003-07-04,1.470636
2003-07-05,1.468893
2003-07-06,1.468893
2003-07-07,1.471112
2003-07-08,1.509883
2003-07-09,1.520545
2003-07-10,1.523463
2003-07-11,1.515862
2003-07-12,1.516093
2003-07-13,1.516093
2003-07-14,1.515347
2003-07-15,1.528526
2003-07-16,1.528366
2003-07-17,1.530436
2003-07-18,1.545525
2003-07-19,1.543811
2003-07-20,1.543811
2003-07-21,1.538674
2003-07-22,1.534563
2003-07-23,1.519513
2003-07-24,1.50482
2003-07-25,1.507612
2003-07-26,1.508975
2003-07-27,1.508975
2003-07-28,1.507224
2003-07-29,1.50497
2003-07-30,1.528332
2003-07-31,1.543324
2003-08-01,1.537762
2003-08-02,1.54073
2003-08-03,1.54073
2003-08-04,1.542893
2003-08-05,1.549082
2003-08-06,1.54351
2003-08-07,1.538938
2003-08-08,1.53317
2003-08-09,1.533133
2003-08-10,1.533133
2003-08-11,1.520359
2003-08-12,1.519476
2003-08-13,1.522485
2003-08-14,1.524305
2003-08-15,1.518018
2003-08-16,1.517969
2003-08-17,1.517969
2003-08-18,1.518974
2003-08-19,1.526311
2003-08-20,1.517447
2003-08-21,1.525731
2003-08-22,1.536389
2003-08-23,1.536494
2003-08-24,1.536494
2003-08-25,1.536115
2003-08-26,1.551802
2003-08-27,1.56172
2003-08-28,1.563423
2003-08-29,1.548221
2003-08-30,1.550294
2003-08-31,1.550294
2003-09-01,1.548088
2003-09-02,1.56325
2003-09-03,1.564573
2003-09-04,1.562209
2003-09-05,1.548494
2003-09-06,1.548509
2003-09-07,1.548509
2003-09-08,1.54156
2003-09-09,1.522587
2003-09-10,1.520766
2003-09-11,1.516605
2003-09-12,1.51112
2003-09-13,1.511672
2003-09-14,1.511672
2003-09-15,1.503894
2003-09-16,1.509229
2003-09-17,1.504673
2003-09-18,1.499883
2003-09-19,1.489465
2003-09-20,1.489717
2003-09-21,1.489717
2003-09-22,1.471875
2003-09-23,1.476063
2003-09-24,1.475203
2003-09-25,1.470513
2003-09-26,1.482198
2003-09-27,1.482351
2003-09-28,1.482351
2003-09-29,1.483456
2003-09-30,1.469622
2003-10-01,1.464572
2003-10-02,1.462148
2003-10-03,1.467462
2003-10-04,1.466127
2003-10-05,1.466127
2003-10-06,1.463258
2003-10-07,1.448761
2003-10-08,1.448105
2003-10-09,1.449481
2003-10-10,1.446622
2003-10-11,1.446493
2003-10-12,1.446493
2003-10-13,1.448543
2003-10-14,1.453916
2003-10-15,1.450247
2003-10-16,1.450431
2003-10-17,1.447509
2003-10-18,1.448463
2003-10-19,1.448463
2003-10-20,1.444335
2003-10-21,1.435163
2003-10-22,1.419318
2003-10-23,1.429709
2003-10-24,1.427853
2003-10-25,1.427531
2003-10-26,1.427531
2003-10-27,1.420079
2003-10-28,1.419564
2003-10-29,1.418801
2003-10-30,1.414611
2003-10-31,1.415459
2003-11-01,1.418357
2003-11-02,1.418357
2003-11-03,1.424454
2003-11-04,1.425045
2003-11-05,1.408756
2003-11-06,1.412235
2003-11-07,1.411231
2003-11-08,1.412609
2003-11-09,1.412609
2003-11-10,1.397612
2003-11-11,1.40006
2003-11-12,1.394965
2003-11-13,1.390138
2003-11-14,1.390275
2003-11-15,1.38912
2003-11-16,1.38912
2003-11-17,1.400552
2003-11-18,1.387601
2003-11-19,1.384403
2003-11-20,1.38261
2003-11-21,1.38245
2003-11-22,1.382035
2003-11-23,1.382035
2003-11-24,1.39028
2003-11-25,1.392416
2003-11-26,1.384574
2003-11-27,1.383816
2003-11-28,1.381567
2003-11-29,1.381609
2003-11-30,1.381609
2003-12-01,1.375214
2003-12-02,1.369384
2003-12-03,1.359115
2003-12-04,1.360698
2003-12-05,1.359446
2003-12-06,1.359935
2003-12-07,1.359935
2003-12-08,1.350592
2003-12-09,1.349306
2003-12-10,1.35131
2003-12-11,1.355814
2003-12-12,1.34625
2003-12-13,1.345469
2003-12-14,1.345469
2003-12-15,1.347386
2003-12-16,1.34421
2003-12-17,1.350806
2003-12-18,1.354348
2003-12-19,1.356529
2003-12-20,1.355797
2003-12-21,1.355797
2003-12-22,1.361931
2003-12-23,1.359779
2003-12-24,1.347096
2003-12-25,1.347603
2003-12-26,1.348644
2003-12-27,1.348696
2003-12-28,1.348696
2003-12-29,1.34559
2003-12-30,1.337424
2003-12-31,1.329903
2004-01-01,1.32975
2004-01-02,1.32107
2004-01-03,1.32104
2004-01-04,1.32104
2004-01-05,1.303582
2004-01-06,1.297485
2004-01-07,1.301392
2004-01-08,1.29308
2004-01-09,1.288264
2004-01-10,1.288587
2004-01-11,1.288587
2004-01-12,1.285778
2004-01-13,1.284861
2004-01-14,1.286608
2004-01-15,1.296937
2004-01-16,1.305422
2004-01-17,1.30584
2004-01-18,1.30584
2004-01-19,1.319755
2004-01-20,1.303526
2004-01-21,1.294133
2004-01-22,1.284185
2004-01-23,1.292461
2004-01-24,1.291457
2004-01-25,1.291457
2004-01-26,1.294928
2004-01-27,1.286631
2004-01-28,1.288033
2004-01-29,1.309453
2004-01-30,1.315263
2004-01-31,1.316538
2004-02-01,1.316538
2004-02-02,1.318516
2004-02-03,1.306586
2004-02-04,1.311508
2004-02-05,1.309383
2004-02-06,1.309206
2004-02-07,1.306401
2004-02-08,1.306401
2004-02-09,1.288116
2004-02-10,1.27911
2004-02-11,1.27555
2004-02-12,1.269175
2004-02-13,1.266571
2004-02-14,1.265439
2004-02-15,1.265439
2004-02-16,1.264587
2004-02-17,1.25398
2004-02-18,1.261836
2004-02-19,1.264035
2004-02-20,1.287609
2004-02-21,1.286982
2004-02-22,1.286982
2004-02-23,1.294931
2004-02-24,1.285452
2004-02-25,1.290762
2004-02-26,1.298049
2004-02-27,1.297816
2004-02-28,1.301678
2004-02-29,1.301678
2004-03-01,1.294273
2004-03-02,1.30583
2004-03-03,1.337418
2004-03-04,1.331097
2004-03-05,1.323283
2004-03-06,1.325416
2004-03-07,1.325416
2004-03-08,1.321701
2004-03-09,1.314193
2004-03-10,1.335168
2004-03-11,1.356593
2004-03-12,1.366514
2004-03-13,1.366635
2004-03-14,1.366635
2004-03-15,1.360488
2004-03-16,1.348833
2004-03-17,1.351297
2004-03-18,1.340617
2004-03-19,1.336545
2004-03-20,1.335601
2004-03-21,1.335601
2004-03-22,1.327371
2004-03-23,1.33008
2004-03-24,1.338877
2004-03-25,1.351603
2004-03-26,1.341536
2004-03-27,1.339585
2004-03-28,1.339585
2004-03-29,1.339914
2004-03-30,1.327426
2004-03-31,1.310716
2004-04-01,1.30471
2004-04-02,1.312378
2004-04-03,1.304712
2004-04-04,1.304712
2004-04-05,1.327495
2004-04-06,1.314731
2004-04-07,1.307264
2004-04-08,1.314236
2004-04-09,1.312132
2004-04-10,1.313962
2004-04-11,1.313962
2004-04-12,1.305208
2004-04-13,1.321963
2004-04-14,1.357005
2004-04-15,1.353181
2004-04-16,1.348275
2004-04-17,1.34997
2004-04-18,1.34997
2004-04-19,1.339952
2004-04-20,1.35689
2004-04-21,1.370092
2004-04-22,1.367062
2004-04-23,1.367292
2004-04-24,1.365675
2004-04-25,1.365675
2004-04-26,1.362179
2004-04-27,1.362799
2004-04-28,1.377008
2004-04-29,1.391098
2004-04-30,1.386317
2004-05-01,1.385718
2004-05-02,1.385718
2004-05-03,1.387858
2004-05-04,1.373696
2004-05-05,1.3664
2004-05-06,1.377799
2004-05-07,1.408694
2004-05-08,1.404422
2004-05-09,1.404422
2004-05-10,1.440508
2004-05-11,1.43775
2004-05-12,1.43466
2004-05-13,1.45498
2004-05-14,1.451267
2004-05-15,1.451943
2004-05-16,1.451943
2004-05-17,1.452273
2004-05-18,1.455123
2004-05-19,1.434118
2004-05-20,1.440683
2004-05-21,1.428292
2004-05-22,1.425751
2004-05-23,1.425751
2004-05-24,1.431439
2004-05-25,1.416211
2004-05-26,1.414522
2004-05-27,1.396923
2004-05-28,1.401683
2004-05-29,1.401456
2004-05-30,1.401456
2004-05-31,1.397899
2004-06-01,1.407922
2004-06-02,1.432928
2004-06-03,1.448684
2004-06-04,1.443232
2004-06-05,1.442685
2004-06-06,1.442685
2004-06-07,1.418949
2004-06-08,1.426616
2004-06-09,1.442925
2004-06-10,1.435356
2004-06-11,1.443455
2004-06-12,1.439239
2004-06-13,1.439239
2004-06-14,1.454631
2004-06-15,1.445324
2004-06-16,1.451413
2004-06-17,1.457853
2004-06-18,1.451847
2004-06-19,1.452624
2004-06-20,1.452624
2004-06-21,1.447872
2004-06-22,1.456732
2004-06-23,1.455365
2004-06-24,1.431664
2004-06-25,1.430315
2004-06-26,1.430292
2004-06-27,1.430292
2004-06-28,1.429242
2004-06-29,1.444246
2004-06-30,1.439898
2004-07-01,1.418661
2004-07-02,1.410532
2004-07-03,1.412925
2004-07-04,1.412925
2004-07-05,1.402723
2004-07-06,1.397607
2004-07-07,1.383873
2004-07-08,1.38901
2004-07-09,1.385835
2004-07-10,1.386407
2004-07-11,1.386407
2004-07-12,1.374951
2004-07-13,1.380118
2004-07-14,1.380611
2004-07-15,1.38302
2004-07-16,1.372021
2004-07-17,1.37324
2004-07-18,1.37324
2004-07-19,1.364566
2004-07-20,1.370604
2004-07-21,1.395091
2004-07-22,1.397175
2004-07-23,1.408473
2004-07-24,1.407768
2004-07-25,1.407768
2004-07-26,1.408716
2004-07-27,1.41918
2004-07-28,1.43264
2004-07-29,1.433809
2004-07-30,1.424604
2004-07-31,1.425042
2004-08-01,1.425042
2004-08-02,1.421119
2004-08-03,1.42138
2004-08-04,1.422114
2004-08-05,1.420774
2004-08-06,1.40828
2004-08-07,1.410729
2004-08-08,1.410729
2004-08-09,1.395454
2004-08-10,1.398328
2004-08-11,1.401874
2004-08-12,1.399513
2004-08-13,1.401262
2004-08-14,1.402741
2004-08-15,1.402741
2004-08-16,1.393312
2004-08-17,1.397135
2004-08-18,1.39806
2004-08-19,1.381812
2004-08-20,1.383288
2004-08-21,1.382949
2004-08-22,1.382949
2004-08-23,1.393111
2004-08-24,1.415251
2004-08-25,1.416238
2004-08-26,1.420588
2004-08-27,1.418623
2004-08-28,1.417891
2004-08-29,1.417891
2004-08-30,1.429103
2004-08-31,1.420878
2004-09-01,1.421406
2004-09-02,1.436099
2004-09-03,1.443194
2004-09-04,1.440538
2004-09-05,1.440538
2004-09-06,1.445638
2004-09-07,1.442575
2004-09-08,1.440589
2004-09-09,1.450668
2004-09-10,1.438364
2004-09-11,1.440332
2004-09-12,1.440332
2004-09-13,1.435948
2004-09-14,1.426013
2004-09-15,1.436278
2004-09-16,1.432943
2004-09-17,1.431597
2004-09-18,1.430906
2004-09-19,1.430906
2004-09-20,1.428586
2004-09-21,1.422953
2004-09-22,1.416927
2004-09-23,1.400671
2004-09-24,1.399966
2004-09-25,1.398983
2004-09-26,1.398983
2004-09-27,1.403048
2004-09-28,1.394574
2004-09-29,1.397113
2004-09-30,1.3808
2004-10-01,1.380679
2004-10-02,1.380294
2004-10-03,1.380294
2004-10-04,1.386122
2004-10-05,1.38179
2004-10-06,1.383135
2004-10-07,1.374944
2004-10-08,1.365762
2004-10-09,1.367742
2004-10-10,1.367742
2004-10-11,1.363229
2004-10-12,1.369369
2004-10-13,1.38147
2004-10-14,1.369971
2004-10-15,1.368919
2004-10-16,1.36936
2004-10-17,1.36936
2004-10-18,1.374921
2004-10-19,1.373517
2004-10-20,1.360686
2004-10-21,1.355328
2004-10-22,1.354117
2004-10-23,1.354782
2004-10-24,1.354782
2004-10-25,1.338536
2004-10-26,1.340242
2004-10-27,1.339338
2004-10-28,1.342772
2004-10-29,1.339134
2004-10-30,1.338807
2004-10-31,1.338807
2004-11-01,1.339863
2004-11-02,1.342331
2004-11-03,1.326367
2004-11-04,1.319899
2004-11-05,1.314738
2004-11-06,1.315882
2004-11-07,1.315882
2004-11-08,1.319584
2004-11-09,1.316645
2004-11-10,1.314505
2004-11-11,1.312472
2004-11-12,1.301943
2004-11-13,1.302565
2004-11-14,1.302565
2004-11-15,1.294087
2004-11-16,1.293826
2004-11-17,1.279359
2004-11-18,1.283401
2004-11-19,1.276423
2004-11-20,1.277064
2004-11-21,1.277064
2004-11-22,1.277228
2004-11-23,1.271408
2004-11-24,1.270523
2004-11-25,1.264497
2004-11-26,1.267339
2004-11-27,1.26833
2004-11-28,1.26833
2004-11-29,1.274472
2004-11-30,1.292749
2004-12-01,1.291967
2004-12-02,1.285863
2004-12-03,1.286663
2004-12-04,1.286867
2004-12-05,1.286867
2004-12-06,1.290367
2004-12-07,1.289257
2004-12-08,1.323109
2004-12-09,1.325678
2004-12-10,1.333402
2004-12-11,1.333258
2004-12-12,1.333258
2004-12-13,1.318296
2004-12-14,1.318928
2004-12-15,1.310008
2004-12-16,1.317151
2004-12-17,1.31446
2004-12-18,1.315384
2004-12-19,1.315384
2004-12-20,1.309204
2004-12-21,1.305601
2004-12-22,1.305665
2004-12-23,1.305841
2004-12-24,1.299996
2004-12-25,1.301855
2004-12-26,1.301855
2004-12-27,1.289097
2004-12-28,1.28321
2004-12-29,1.291104
2004-12-30,1.285578
2004-12-31,1.280385
2005-01-01,1.281236
2005-01-02,1.281236
2005-01-03,1.282967
2005-01-04,1.301213
2005-01-05,1.307791
2005-01-06,1.313777
2005-01-07,1.317309
2005-01-08,1.316891
2005-01-09,1.316891
2005-01-10,1.317194
2005-01-11,1.311835
2005-01-12,1.308475
2005-01-13,1.305095
2005-01-14,1.317618
2005-01-15,1.317644
2005-01-16,1.317644
2005-01-17,1.31828
2005-01-18,1.321985
2005-01-19,1.314014
2005-01-20,1.317129
2005-01-21,1.302385
2005-01-22,1.304353
2005-01-23,1.304353
2005-01-24,1.299956
2005-01-25,1.306475
2005-01-26,1.293655
2005-01-27,1.290414
2005-01-28,1.291729
2005-01-29,1.292327
2005-01-30,1.292327
2005-01-31,1.290126
2005-02-01,1.293874
2005-02-02,1.289843
2005-02-03,1.295137
2005-02-04,1.297935
2005-02-05,1.299344
2005-02-06,1.299344
2005-02-07,1.296632
2005-02-08,1.305476
2005-02-09,1.301589
2005-02-10,1.282045
2005-02-11,1.274935
2005-02-12,1.275512
2005-02-13,1.275512
2005-02-14,1.268935
2005-02-15,1.271678
2005-02-16,1.275544
2005-02-17,1.270196
2005-02-18,1.269747
2005-02-19,1.269864
2005-02-20,1.269864
2005-02-21,1.267496
2005-02-22,1.259612
2005-02-23,1.268264
2005-02-24,1.269647
2005-02-25,1.274215
2005-02-26,1.274717
2005-02-27,1.274717
2005-02-28,1.261503
2005-03-01,1.271519
2005-03-02,1.278658
2005-03-03,1.275637
2005-03-04,1.267698
2005-03-05,1.268648
2005-03-06,1.268648
2005-03-07,1.26287
2005-03-08,1.254567
2005-03-09,1.261327
2005-03-10,1.264717
2005-03-11,1.261305
2005-03-12,1.261135
2005-03-13,1.261135
2005-03-14,1.270511
2005-03-15,1.264876
2005-03-16,1.261124
2005-03-17,1.261462
2005-03-18,1.261444
2005-03-19,1.262053
2005-03-20,1.262053
2005-03-21,1.271028
2005-03-22,1.268604
2005-03-23,1.291186
2005-03-24,1.295296
2005-03-25,1.295113
2005-03-26,1.294666
2005-03-27,1.294666
2005-03-28,1.299583
2005-03-29,1.295807
2005-03-30,1.296816
2005-03-31,1.293636
2005-04-01,1.297778
2005-04-02,1.296914
2005-04-03,1.296914
2005-04-04,1.302679
2005-04-05,1.304142
2005-04-06,1.306687
2005-04-07,1.301949
2005-04-08,1.298297
2005-04-09,1.299945
2005-04-10,1.299945
2005-04-11,1.290039
2005-04-12,1.290876
2005-04-13,1.283841
2005-04-14,1.296067
2005-04-15,1.299157
2005-04-16,1.298757
2005-04-17,1.298757
2005-04-18,1.303844
2005-04-19,1.29979
2005-04-20,1.289478
2005-04-21,1.289967
2005-04-22,1.280339
2005-04-23,1.281012
2005-04-24,1.281012
2005-04-25,1.282334
2005-04-26,1.284363
2005-04-27,1.288874
2005-04-28,1.284178
2005-04-29,1.278877
2005-04-30,1.27933
2005-05-01,1.27933
2005-05-02,1.282113
2005-05-03,1.292792
2005-05-04,1.284356
2005-05-05,1.280837
2005-05-06,1.287129
2005-05-07,1.28668
2005-05-08,1.28668
2005-05-09,1.29392
2005-05-10,1.290235
2005-05-11,1.288486
2005-05-12,1.301699
2005-05-13,1.313643
2005-05-14,1.313454
2005-05-15,1.313454
2005-05-16,1.323034
2005-05-17,1.321921
2005-05-18,1.31742
2005-05-19,1.318659
2005-05-20,1.322447
2005-05-21,1.321897
2005-05-22,1.321897
2005-05-23,1.319639
2005-05-24,1.310514
2005-05-25,1.313112
2005-05-26,1.315658
2005-05-27,1.311534
2005-05-28,1.311572
2005-05-29,1.311572
2005-05-30,1.313348
2005-05-31,1.321358
2005-06-01,1.335691
2005-06-02,1.327571
2005-06-03,1.322716
2005-06-04,1.322544
2005-06-05,1.322544
2005-06-06,1.308843
2005-06-07,1.300916
2005-06-08,1.302676
2005-06-09,1.30305
2005-06-10,1.309515
2005-06-11,1.30912
2005-06-12,1.30912
2005-06-13,1.315106
2005-06-14,1.3074
2005-06-15,1.302473
2005-06-16,1.295952
2005-06-17,1.286071
2005-06-18,1.286076
2005-06-19,1.286076
2005-06-20,1.28721
2005-06-21,1.285964
2005-06-22,1.285217
2005-06-23,1.293226
2005-06-24,1.298998
2005-06-25,1.298284
2005-06-26,1.298284
2005-06-27,1.300113
2005-06-28,1.307677
2005-06-29,1.312172
2005-06-30,1.314433
2005-07-01,1.326875
2005-07-02,1.326614
2005-07-03,1.326614
2005-07-04,1.33427
2005-07-05,1.348588
2005-07-06,1.349092
2005-07-07,1.349186
2005-07-08,1.35009
2005-07-09,1.350831
2005-07-10,1.350831
2005-07-11,1.339592
2005-07-12,1.32365
2005-07-13,1.332199
2005-07-14,1.330804
2005-07-15,1.333548
2005-07-16,1.333089
2005-07-17,1.333089
2005-07-18,1.329481
2005-07-19,1.334107
2005-07-20,1.324854
2005-07-21,1.307928
2005-07-22,1.306451
2005-07-23,1.30711
2005-07-24,1.30711
2005-07-25,1.31185
2005-07-26,1.318963
2005-07-27,1.324284
2005-07-28,1.318985
2005-07-29,1.317243
2005-07-30,1.316871
2005-07-31,1.316871
2005-08-01,1.312777
2005-08-02,1.307274
2005-08-03,1.297124
2005-08-04,1.295287
2005-08-05,1.301068
2005-08-06,1.300376
2005-08-07,1.300376
2005-08-08,1.306302
2005-08-09,1.314943
2005-08-10,1.308116
2005-08-11,1.29416
2005-08-12,1.293608
2005-08-13,1.293924
2005-08-14,1.293924
2005-08-15,1.299462
2005-08-16,1.301458
2005-08-17,1.312109
2005-08-18,1.325952
2005-08-19,1.330744
2005-08-20,1.33022
2005-08-21,1.33022
2005-08-22,1.324243
2005-08-23,1.323719
2005-08-24,1.323671
2005-08-25,1.316632
2005-08-26,1.319875
2005-08-27,1.320078
2005-08-28,1.320078
2005-08-29,1.327716
2005-08-30,1.337897
2005-08-31,1.332624
2005-09-01,1.316213
2005-09-02,1.307846
2005-09-03,1.308244
2005-09-04,1.308244
2005-09-05,1.303758
2005-09-06,1.303061
2005-09-07,1.30257
2005-09-08,1.297048
2005-09-09,1.293289
2005-09-10,1.293101
2005-09-11,1.293101
2005-09-12,1.296384
2005-09-13,1.302112
2005-09-14,1.296478
2005-09-15,1.303152
2005-09-16,1.303082
2005-09-17,1.303199
2005-09-18,1.303199
2005-09-19,1.306057
2005-09-20,1.299723
2005-09-21,1.297188
2005-09-22,1.307396
2005-09-23,1.318267
2005-09-24,1.317643
2005-09-25,1.317643
2005-09-26,1.322619
2005-09-27,1.32484
2005-09-28,1.318384
2005-09-29,1.315
2005-09-30,1.311778
2005-10-01,1.31285
2005-10-02,1.31285
2005-10-03,1.311333
2005-10-04,1.310076
2005-10-05,1.319682
2005-10-06,1.320081
2005-10-07,1.320942
2005-10-08,1.320821
2005-10-09,1.320821
2005-10-10,1.317891
2005-10-11,1.327239
2005-10-12,1.325558
2005-10-13,1.335306
2005-10-14,1.329842
2005-10-15,1.330672
2005-10-16,1.330672
2005-10-17,1.333787
2005-10-18,1.338377
2005-10-19,1.335468
2005-10-20,1.329567
2005-10-21,1.335266
2005-10-22,1.334309
2005-10-23,1.334309
2005-10-24,1.334414
2005-10-25,1.324958
2005-10-26,1.325529
2005-10-27,1.318939
2005-10-28,1.331147
2005-10-29,1.330533
2005-10-30,1.330533
2005-10-31,1.335984
2005-11-01,1.341652
2005-11-02,1.34856
2005-11-03,1.350536
2005-11-04,1.362434
2005-11-05,1.361933
2005-11-06,1.361933
2005-11-07,1.364457
2005-11-08,1.362591
2005-11-09,1.361156
2005-11-10,1.366769
2005-11-11,1.366303
2005-11-12,1.366416
2005-11-13,1.366416
2005-11-14,1.373877
2005-11-15,1.368181
2005-11-16,1.369361
2005-11-17,1.362569
2005-11-18,1.366338
2005-11-19,1.366035
2005-11-20,1.366035
2005-11-21,1.357533
2005-11-22,1.360455
2005-11-23,1.356007
2005-11-24,1.353427
2005-11-25,1.358992
2005-11-26,1.358286
2005-11-27,1.358286
2005-11-28,1.353197
2005-11-29,1.353007
2005-11-30,1.352636
2005-12-01,1.349242
2005-12-02,1.339655
2005-12-03,1.340167
2005-12-04,1.340167
2005-12-05,1.331818
2005-12-06,1.326745
2005-12-07,1.339121
2005-12-08,1.335579
2005-12-09,1.331801
2005-12-10,1.332183
2005-12-11,1.332183
2005-12-12,1.325475
2005-12-13,1.325913
2005-12-14,1.322713
2005-12-15,1.337396
2005-12-16,1.345549
2005-12-17,1.345903
2005-12-18,1.345903
2005-12-19,1.34766
2005-12-20,1.360425
2005-12-21,1.364124
2005-12-22,1.367717
2005-12-23,1.373263
2005-12-24,1.373277
2005-12-25,1.373277
2005-12-26,1.370259
2005-12-27,1.376904
2005-12-28,1.370678
2005-12-29,1.367004
2005-12-30,1.363984
2005-12-31,1.364509
2006-01-01,1.364509
2006-01-02,1.363639
2006-01-03,1.355164
2006-01-04,1.340455
2006-01-05,1.338178
2006-01-06,1.330483
2006-01-07,1.331234
2006-01-08,1.331234
2006-01-09,1.329018
2006-01-10,1.33293
2006-01-11,1.325591
2006-01-12,1.329358
2006-01-13,1.328644
2006-01-14,1.329719
2006-01-15,1.329719
2006-01-16,1.326614
2006-01-17,1.32958
2006-01-18,1.335922
2006-01-19,1.340222
2006-01-20,1.33722
2006-01-21,1.337855
2006-01-22,1.337855
2006-01-23,1.327981
2006-01-24,1.331771
2006-01-25,1.326075
2006-01-26,1.326672
2006-01-27,1.330329
2006-01-28,1.330919
2006-01-29,1.330919
2006-01-30,1.334832
2006-01-31,1.322731
2006-02-01,1.326937
2006-02-02,1.326732
2006-02-03,1.333136
2006-02-04,1.332479
2006-02-05,1.332479
2006-02-06,1.344464
2006-02-07,1.347255
2006-02-08,1.353687
2006-02-09,1.353018
2006-02-10,1.352955
2006-02-11,1.352136
2006-02-12,1.352136
2006-02-13,1.354319
2006-02-14,1.353383
2006-02-15,1.35146
2006-02-16,1.35537
2006-02-17,1.356214
2006-02-18,1.356432
2006-02-19,1.356432
2006-02-20,1.350518
2006-02-21,1.353296
2006-02-22,1.35915
2006-02-23,1.351298
2006-02-24,1.351396
2006-02-25,1.351401
2006-02-26,1.351401
2006-02-27,1.355262
2006-02-28,1.348062
2006-03-01,1.343684
2006-03-02,1.339159
2006-03-03,1.342851
2006-03-04,1.342424
2006-03-05,1.342424
2006-03-06,1.348541
2006-03-07,1.361583
2006-03-08,1.363765
2006-03-09,1.360286
2006-03-10,1.365124
2006-03-11,1.364851
2006-03-12,1.364851
2006-03-13,1.364613
2006-03-14,1.360232
2006-03-15,1.353872
2006-03-16,1.358018
2006-03-17,1.371557
2006-03-18,1.370597
2006-03-19,1.370597
2006-03-20,1.387518
2006-03-21,1.394082
2006-03-22,1.392227
2006-03-23,1.396866
2006-03-24,1.410229
2006-03-25,1.41114
2006-03-26,1.41114
2006-03-27,1.416283
2006-03-28,1.411454
2006-03-29,1.417457
2006-03-30,1.400764
2006-03-31,1.399447
2006-04-01,1.401024
2006-04-02,1.401024
2006-04-03,1.395577
2006-04-04,1.38767
2006-04-05,1.377111
2006-04-06,1.366374
2006-04-07,1.372579
2006-04-08,1.371927
2006-04-09,1.371927
2006-04-10,1.373333
2006-04-11,1.36532
2006-04-12,1.366805
2006-04-13,1.374663
2006-04-14,1.373538
2006-04-15,1.375247
2006-04-16,1.375247
2006-04-17,1.35877
2006-04-18,1.353113
2006-04-19,1.34088
2006-04-20,1.351466
2006-04-21,1.345383
2006-04-22,1.345709
2006-04-23,1.345709
2006-04-24,1.341797
2006-04-25,1.340616
2006-04-26,1.331693
2006-04-27,1.325976
2006-04-28,1.319361
2006-04-29,1.320651
2006-04-30,1.320651
2006-05-01,1.317411
2006-05-02,1.312448
2006-05-03,1.298995
2006-05-04,1.297639
2006-05-05,1.297536
2006-05-06,1.298262
2006-05-07,1.298262
2006-05-08,1.298246
2006-05-09,1.296244
2006-05-10,1.2889
2006-05-11,1.290959
2006-05-12,1.290564
2006-05-13,1.289812
2006-05-14,1.289812
2006-05-15,1.309532
2006-05-16,1.306979
2006-05-17,1.310014
2006-05-18,1.309101
2006-05-19,1.318724
2006-05-20,1.318537
2006-05-21,1.318537
2006-05-22,1.330631
2006-05-23,1.321928
2006-05-24,1.327412
2006-05-25,1.319032
2006-05-26,1.319744
2006-05-27,1.319686
2006-05-28,1.319686
2006-05-29,1.318576
2006-05-30,1.31204
2006-05-31,1.324939
2006-06-01,1.338982
2006-06-02,1.333663
2006-06-03,1.334777
2006-06-04,1.334777
2006-06-05,1.330756
2006-06-06,1.347292
2006-06-07,1.3491
2006-06-08,1.346172
2006-06-09,1.335378
2006-06-10,1.335389
2006-06-11,1.335389
2006-06-12,1.3396
2006-06-13,1.352352
2006-06-14,1.354911
2006-06-15,1.352882
2006-06-16,1.351591
2006-06-17,1.350318
2006-06-18,1.350318
2006-06-19,1.356386
2006-06-20,1.35593
2006-06-21,1.35681
2006-06-22,1.361328
2006-06-23,1.367094
2006-06-24,1.367181
2006-06-25,1.367181
2006-06-26,1.367178
2006-06-27,1.364314
2006-06-28,1.371891
2006-06-29,1.365494
2006-06-30,1.346521
2006-07-01,1.346609
2006-07-02,1.346609
2006-07-03,1.345423
2006-07-04,1.34211
2006-07-05,1.346659
2006-07-06,1.342948
2006-07-07,1.333448
2006-07-08,1.334423
2006-07-09,1.334423
2006-07-10,1.337277
2006-07-11,1.329381
2006-07-12,1.327799
2006-07-13,1.326198
2006-07-14,1.32708
2006-07-15,1.32718
2006-07-16,1.32718
2006-07-17,1.336058
2006-07-18,1.337061
2006-07-19,1.338041
2006-07-20,1.330611
2006-07-21,1.328121
2006-07-22,1.328212
2006-07-23,1.328212
2006-07-24,1.32676
2006-07-25,1.326664
2006-07-26,1.316491
2006-07-27,1.309942
2006-07-28,1.308319
2006-07-29,1.309954
2006-07-30,1.309954
2006-07-31,1.305536
2006-08-01,1.309608
2006-08-02,1.307911
2006-08-03,1.314014
2006-08-04,1.309437
2006-08-05,1.310425
2006-08-06,1.310425
2006-08-07,1.310901
2006-08-08,1.314254
2006-08-09,1.306392
2006-08-10,1.302002
2006-08-11,1.304147
2006-08-12,1.304594
2006-08-13,1.304594
2006-08-14,1.314975
2006-08-15,1.30944
2006-08-16,1.303474
2006-08-17,1.309596
2006-08-18,1.31875
2006-08-19,1.318533
2006-08-20,1.318533
2006-08-21,1.309613
2006-08-22,1.311966
2006-08-23,1.309007
2006-08-24,1.310666
2006-08-25,1.319941
2006-08-26,1.319487
2006-08-27,1.319487
2006-08-28,1.318252
2006-08-29,1.31089
2006-08-30,1.30954
2006-08-31,1.30968
2006-09-01,1.305685
2006-09-02,1.306046
2006-09-03,1.306046
2006-09-04,1.299046
2006-09-05,1.298005
2006-09-06,1.304479
2006-09-07,1.315059
2006-09-08,1.324027
2006-09-09,1.323387
2006-09-10,1.323387
2006-09-11,1.330129
2006-09-12,1.329425
2006-09-13,1.329362
2006-09-14,1.32475
2006-09-15,1.329835
2006-09-16,1.329963
2006-09-17,1.329963
2006-09-18,1.326666
2006-09-19,1.328011
2006-09-20,1.327982
2006-09-21,1.322831
2006-09-22,1.33004
2006-09-23,1.329489
2006-09-24,1.329489
2006-09-25,1.329484
2006-09-26,1.328762
2006-09-27,1.333506
2006-09-28,1.334357
2006-09-29,1.341319
2006-09-30,1.34159
2006-10-01,1.34159
2006-10-02,1.338991
2006-10-03,1.342724
2006-10-04,1.343198
2006-10-05,1.340199
2006-10-06,1.343549
2006-10-07,1.34337
2006-10-08,1.34337
2006-10-09,1.343322
2006-10-10,1.344001
2006-10-11,1.344015
2006-10-12,1.333077
2006-10-13,1.330975
2006-10-14,1.330451
2006-10-15,1.330451
2006-10-16,1.327154
2006-10-17,1.327058
2006-10-18,1.325466
2006-10-19,1.318965
2006-10-20,1.317683
2006-10-21,1.317118
2006-10-22,1.317118
2006-10-23,1.319831
2006-10-24,1.319968
2006-10-25,1.314857
2006-10-26,1.310654
2006-10-27,1.302708
2006-10-28,1.302932
2006-10-29,1.302932
2006-10-30,1.29994
2006-10-31,1.294623
2006-11-01,1.290439
2006-11-02,1.292157
2006-11-03,1.297492
2006-11-04,1.29701
2006-11-05,1.29701
2006-11-06,1.297692
2006-11-07,1.291437
2006-11-08,1.297943
2006-11-09,1.302714
2006-11-10,1.303085
2006-11-11,1.302986
2006-11-12,1.302986
2006-11-13,1.310287
2006-11-14,1.306778
2006-11-15,1.307961
2006-11-16,1.303016
2006-11-17,1.303479
2006-11-18,1.304307
2006-11-19,1.304307
2006-11-20,1.299802
2006-11-21,1.298426
2006-11-22,1.290699
2006-11-23,1.291028
2006-11-24,1.285246
2006-11-25,1.28505
2006-11-26,1.28505
2006-11-27,1.284346
2006-11-28,1.279007
2006-11-29,1.276498
2006-11-30,1.267693
2006-12-01,1.2664
2006-12-02,1.267269
2006-12-03,1.267269
2006-12-04,1.267699
2006-12-05,1.271333
2006-12-06,1.272187
2006-12-07,1.265942
2006-12-08,1.270753
2006-12-09,1.270337
2006-12-10,1.270337
2006-12-11,1.275689
2006-12-12,1.2727
2006-12-13,1.269911
2006-12-14,1.276874
2006-12-15,1.279868
2006-12-16,1.280493
2006-12-17,1.280493
2006-12-18,1.281662
2006-12-19,1.276394
2006-12-20,1.273261
2006-12-21,1.273704
2006-12-22,1.27522
2006-12-23,1.273547
2006-12-24,1.273547
2006-12-25,1.272259
2006-12-26,1.276813
2006-12-27,1.27463
2006-12-28,1.268686
2006-12-29,1.268929
2006-12-30,1.270775
2006-12-31,1.270775
2007-01-01,1.269021
2007-01-02,1.259097
2007-01-03,1.260321
2007-01-04,1.273466
2007-01-05,1.280749
2007-01-06,1.28012
2007-01-07,1.28012
2007-01-08,1.281584
2007-01-09,1.280924
2007-01-10,1.285811
2007-01-11,1.278417
2007-01-12,1.279242
2007-01-13,1.279839
2007-01-14,1.279839
2007-01-15,1.275762
2007-01-16,1.276127
2007-01-17,1.271854
2007-01-18,1.269173
2007-01-19,1.267809
2007-01-20,1.268109
2007-01-21,1.268109
2007-01-22,1.267348
2007-01-23,1.26142
2007-01-24,1.279874
2007-01-25,1.287122
2007-01-26,1.29359
2007-01-27,1.292967
2007-01-28,1.292967
2007-01-29,1.294962
2007-01-30,1.294773
2007-01-31,1.292314
2007-02-01,1.290706
2007-02-02,1.29137
2007-02-03,1.291568
2007-02-04,1.291568
2007-02-05,1.288973
2007-02-06,1.286588
2007-02-07,1.285132
2007-02-08,1.281013
2007-02-09,1.287674
2007-02-10,1.287523
2007-02-11,1.287523
2007-02-12,1.294363
2007-02-13,1.286824
2007-02-14,1.277335
2007-02-15,1.273865
2007-02-16,1.271858
2007-02-17,1.271822
2007-02-18,1.271822
2007-02-19,1.270943
2007-02-20,1.272087
2007-02-21,1.265075
2007-02-22,1.267185
2007-02-23,1.26406
2007-02-24,1.26449
2007-02-25,1.26449
2007-02-26,1.260968
2007-02-27,1.263753
2007-02-28,1.268441
2007-03-01,1.272212
2007-03-02,1.277319
2007-03-03,1.277581
2007-03-04,1.277581
2007-03-05,1.29451
2007-03-06,1.292467
2007-03-07,1.284829
2007-03-08,1.286533
2007-03-09,1.282534
2007-03-10,1.283173
2007-03-11,1.283173
2007-03-12,1.276253
2007-03-13,1.273492
2007-03-14,1.274442
2007-03-15,1.26813
2007-03-16,1.257356
2007-03-17,1.256931
2007-03-18,1.256931
2007-03-19,1.250662
2007-03-20,1.2478
2007-03-21,1.244094
2007-03-22,1.238851
2007-03-23,1.240354
2007-03-24,1.240357
2007-03-25,1.240357
2007-03-26,1.236718
2007-03-27,1.236118
2007-03-28,1.240268
2007-03-29,1.238034
2007-03-30,1.235995
2007-03-31,1.236662
2007-04-01,1.236662
2007-04-02,1.224779
2007-04-03,1.22952
2007-04-04,1.22478
2007-04-05,1.22136
2007-04-06,1.223559
2007-04-07,1.221794
2007-04-08,1.221794
2007-04-09,1.224125
2007-04-10,1.211965
2007-04-11,1.211889
2007-04-12,1.208581
2007-04-13,1.200703
2007-04-14,1.200492
2007-04-15,1.200492
2007-04-16,1.200642
2007-04-17,1.195952
2007-04-18,1.197786
2007-04-19,1.198889
2007-04-20,1.195743
2007-04-21,1.195933
2007-04-22,1.195933
2007-04-23,1.200246
2007-04-24,1.208862
2007-04-25,1.200854
2007-04-26,1.209127
2007-04-27,1.20395
2007-04-28,1.204134
2007-04-29,1.204134
2007-04-30,1.204438
2007-05-01,1.206827
2007-05-02,1.211225
2007-05-03,1.212903
2007-05-04,1.219348
2007-05-05,1.219598
2007-05-06,1.219598
2007-05-07,1.21137
2007-05-08,1.207226
2007-05-09,1.207294
2007-05-10,1.204034
2007-05-11,1.20283
2007-05-12,1.203406
2007-05-13,1.203406
2007-05-14,1.201048
2007-05-15,1.200777
2007-05-16,1.21028
2007-05-17,1.215241
2007-05-18,1.21465
2007-05-19,1.215481
2007-05-20,1.215481
2007-05-21,1.218728
2007-05-22,1.217076
2007-05-23,1.21255
2007-05-24,1.218208
2007-05-25,1.220927
2007-05-26,1.220887
2007-05-27,1.220887
2007-05-28,1.220381
2007-05-29,1.220232
2007-05-30,1.21824
2007-05-31,1.208579
2007-06-01,1.203621
2007-06-02,1.203879
2007-06-03,1.203879
2007-06-04,1.19915
2007-06-05,1.19323
2007-06-06,1.189074
2007-06-07,1.184639
2007-06-08,1.187333
2007-06-09,1.187577
2007-06-10,1.187577
2007-06-11,1.186328
2007-06-12,1.186402
2007-06-13,1.190761
2007-06-14,1.19727
2007-06-15,1.191639
2007-06-16,1.191842
2007-06-17,1.191842
2007-06-18,1.187181
2007-06-19,1.182554
2007-06-20,1.181609
2007-06-21,1.181355
2007-06-22,1.179616
2007-06-23,1.179853
2007-06-24,1.179853
2007-06-25,1.179383
2007-06-26,1.179647
2007-06-27,1.192232
2007-06-28,1.182052
2007-06-29,1.177693
2007-06-30,1.177716
2007-07-01,1.177716
2007-07-02,1.164805
2007-07-03,1.170039
2007-07-04,1.166646
2007-07-05,1.165757
2007-07-06,1.166941
2007-07-07,1.166962
2007-07-08,1.166962
2007-07-09,1.16233
2007-07-10,1.160775
2007-07-11,1.160995
2007-07-12,1.156987
2007-07-13,1.154103
2007-07-14,1.151128
2007-07-15,1.151128
2007-07-16,1.146121
2007-07-17,1.145158
2007-07-18,1.139951
2007-07-19,1.137093
2007-07-20,1.136506
2007-07-21,1.136698
2007-07-22,1.136698
2007-07-23,1.133293
2007-07-24,1.131389
2007-07-25,1.132251
2007-07-26,1.140192
2007-07-27,1.16666
2007-07-28,1.166491
2007-07-29,1.166491
2007-07-30,1.175649
2007-07-31,1.165039
2007-08-01,1.175161
2007-08-02,1.166056
2007-08-03,1.166718
2007-08-04,1.1668
2007-08-05,1.1668
2007-08-06,1.166712
2007-08-07,1.169838
2007-08-08,1.160505
2007-08-09,1.172334
2007-08-10,1.185498
2007-08-11,1.186503
2007-08-12,1.186503
2007-08-13,1.186455
2007-08-14,1.19392
2007-08-15,1.214916
2007-08-16,1.272469
2007-08-17,1.269632
2007-08-18,1.270348
2007-08-19,1.270348
2007-08-20,1.243653
2007-08-21,1.247789
2007-08-22,1.241746
2007-08-23,1.223476
2007-08-24,1.214017
2007-08-25,1.213974
2007-08-26,1.213974
2007-08-27,1.204308
2007-08-28,1.216032
2007-08-29,1.222351
2007-08-30,1.224978
2007-08-31,1.222752
2007-09-01,1.220725
2007-09-02,1.220725
2007-09-03,1.220615
2007-09-04,1.214387
2007-09-05,1.216018
2007-09-06,1.209255
2007-09-07,1.209907
2007-09-08,1.209502
2007-09-09,1.209502
2007-09-10,1.213385
2007-09-11,1.207098
2007-09-12,1.191502
2007-09-13,1.191036
2007-09-14,1.188564
2007-09-15,1.188552
2007-09-16,1.188552
2007-09-17,1.196809
2007-09-18,1.188603
2007-09-19,1.170677
2007-09-20,1.15765
2007-09-21,1.15798
2007-09-22,1.158517
2007-09-23,1.158517
2007-09-24,1.152479
2007-09-25,1.151767
2007-09-26,1.142891
2007-09-27,1.135841
2007-09-28,1.129549
2007-09-29,1.129439
2007-09-30,1.129439
2007-10-01,1.121224
2007-10-02,1.128897
2007-10-03,1.127879
2007-10-04,1.129202
2007-10-05,1.115757
2007-10-06,1.117984
2007-10-07,1.117984
2007-10-08,1.114666
2007-10-09,1.115066
2007-10-10,1.113913
2007-10-11,1.107763
2007-10-12,1.107613
2007-10-13,1.108176
2007-10-14,1.108176
2007-10-15,1.108246
2007-10-16,1.12739
2007-10-17,1.122836
2007-10-18,1.119036
2007-10-19,1.117195
2007-10-20,1.116331
2007-10-21,1.116331
2007-10-22,1.136635
2007-10-23,1.117053
2007-10-24,1.111574
2007-10-25,1.103562
2007-10-26,1.091843
2007-10-27,1.097405
2007-10-28,1.091777
2007-10-29,1.086552
2007-10-30,1.088301
2007-10-31,1.078368
2007-11-01,1.086967
2007-11-02,1.086523
2007-11-03,1.085877
2007-11-04,1.085877
2007-11-05,1.087537
2007-11-06,1.079334
2007-11-07,1.069878
2007-11-08,1.078099
2007-11-09,1.092088
2007-11-10,1.09071
2007-11-11,1.09071
2007-11-12,1.131568
2007-11-13,1.118324
2007-11-14,1.11032
2007-11-15,1.124325
2007-11-16,1.121434
2007-11-17,1.121505
2007-11-18,1.121505
2007-11-19,1.127822
2007-11-20,1.127312
2007-11-21,1.146379
2007-11-22,1.14793
2007-11-23,1.144136
2007-11-24,1.143995
2007-11-25,1.143995
2007-11-26,1.141132
2007-11-27,1.143981
2007-11-28,1.12934
2007-11-29,1.133379
2007-11-30,1.130496
2007-12-01,1.130499
2007-12-02,1.130499
2007-12-03,1.133211
2007-12-04,1.144213
2007-12-05,1.14991
2007-12-06,1.145983
2007-12-07,1.139034
2007-12-08,1.140115
2007-12-09,1.140115
2007-12-10,1.132913
2007-12-11,1.134632
2007-12-12,1.132507
2007-12-13,1.141383
2007-12-14,1.156947
2007-12-15,1.155643
2007-12-16,1.155643
2007-12-17,1.165525
2007-12-18,1.163413
2007-12-19,1.164463
2007-12-20,1.165901
2007-12-21,1.154554
2007-12-22,1.154393
2007-12-23,1.154393
2007-12-24,1.148313
2007-12-25,1.147847
2007-12-26,1.14516
2007-12-27,1.141017
2007-12-28,1.142332
2007-12-29,1.141692
2007-12-30,1.141692
2007-12-31,1.139039
2008-01-01,1.141399
2008-01-02,1.134112
2008-01-03,1.134515
2008-01-04,1.140692
2008-01-07,1.14791
2008-01-08,1.135673
2008-01-09,1.13366
2008-01-10,1.124786
2008-01-11,1.120012
2008-01-14,1.112213
2008-01-15,1.118032
2008-01-16,1.130601
2008-01-17,1.133631
2008-01-18,1.139067
2008-01-21,1.158809
2008-01-22,1.155633
2008-01-23,1.154332
2008-01-24,1.139338
2008-01-25,1.134357
2008-01-28,1.130131
2008-01-29,1.125347
2008-01-30,1.12177
2008-01-31,1.116963
2008-02-01,1.107169
2008-02-04,1.100413
2008-02-05,1.110642
2008-02-06,1.114386
2008-02-07,1.120768
2008-02-08,1.117634
2008-02-11,1.10635
2008-02-12,1.10477
2008-02-13,1.116888
2008-02-14,1.106829
2008-02-15,1.102731
2008-02-18,1.095849
2008-02-19,1.08566
2008-02-20,1.093044
2008-02-21,1.087519
2008-02-22,1.084938
2008-02-25,1.080975
2008-02-26,1.07599
2008-02-27,1.063523
2008-02-28,1.057192
2008-02-29,1.069892
2008-03-03,1.065809
2008-03-04,1.078089
2008-03-05,1.07543
2008-03-06,1.073802
2008-03-07,1.074807
2008-03-10,1.087109
2008-03-11,1.080234
2008-03-12,1.073568
2008-03-13,1.06287
2008-03-14,1.065375
2008-03-17,1.087903
2008-03-18,1.078042
2008-03-19,1.084686
2008-03-20,1.11231
2008-03-21,1.109262
2008-03-24,1.103631
2008-03-25,1.0935
2008-03-26,1.086609
2008-03-27,1.085149
2008-03-28,1.088407
2008-03-31,1.095292
2008-04-01,1.102106
2008-04-02,1.094912
2008-04-03,1.093979
2008-04-04,1.08618
2008-04-07,1.079889
2008-04-08,1.078242
2008-04-09,1.076898
2008-04-10,1.072261
2008-04-11,1.075909
2008-04-14,1.082223
2008-04-15,1.081791
2008-04-16,1.066771
2008-04-17,1.067681
2008-04-18,1.072269
2008-04-21,1.06149
2008-04-22,1.057864
2008-04-23,1.054543
2008-04-24,1.062152
2008-04-25,1.072832
2008-04-28,1.06507
2008-04-29,1.071034
2008-04-30,1.062514
2008-05-01,1.070951
2008-05-02,1.069028
2008-05-05,1.058877
2008-05-06,1.055651
2008-05-07,1.059276
2008-05-08,1.061219
2008-05-09,1.062521
2008-05-12,1.058225
2008-05-13,1.061641
2008-05-14,1.070734
2008-05-15,1.064634
2008-05-16,1.050155
2008-05-19,1.048592
2008-05-20,1.042318
2008-05-21,1.037696
2008-05-22,1.044731
2008-05-23,1.040408
2008-05-26,1.041468
2008-05-27,1.041751
2008-05-28,1.041056
2008-05-29,1.045625
2008-05-30,1.045925
2008-06-02,1.047579
2008-06-03,1.046991
2008-06-04,1.042313
2008-06-05,1.046227
2008-06-06,1.040649
2008-06-09,1.048026
2008-06-10,1.056169
2008-06-11,1.054733
2008-06-12,1.070226
2008-06-13,1.066456
2008-06-16,1.063275
2008-06-17,1.060941
2008-06-18,1.059256
2008-06-19,1.05308
2008-06-20,1.04821
2008-06-23,1.051224
2008-06-24,1.046549
2008-06-25,1.045402
2008-06-26,1.043788
2008-06-27,1.040821
2008-06-30,1.042463
2008-07-01,1.0486
2008-07-02,1.038988
2008-07-03,1.040872
2008-07-04,1.038372
2008-07-07,1.047347
2008-07-08,1.049497
2008-07-09,1.045776
2008-07-10,1.040214
2008-07-11,1.035236
2008-07-14,1.030114
2008-07-15,1.020485
2008-07-16,1.025074
2008-07-17,1.027312
2008-07-18,1.029047
2008-07-21,1.025439
2008-07-22,1.027483
2008-07-23,1.038448
2008-07-24,1.043642
2008-07-25,1.045197
2008-07-28,1.045124
2008-07-29,1.05021
2008-07-30,1.058605
2008-07-31,1.061179
2008-08-01,1.073082
2008-08-04,1.07436
2008-08-05,1.09173
2008-08-06,1.098441
2008-08-07,1.100351
2008-08-08,1.122109
2008-08-11,1.127188
2008-08-12,1.143201
2008-08-13,1.147424
2008-08-14,1.14629
2008-08-15,1.154588
2008-08-18,1.14784
2008-08-19,1.149929
2008-08-20,1.147624
2008-08-21,1.141336
2008-08-22,1.14701
2008-08-25,1.154261
2008-08-26,1.169874
2008-08-27,1.164765
2008-08-28,1.158404
2008-08-29,1.164427
2008-09-01,1.17362
2008-09-02,1.196013
2008-09-03,1.198531
2008-09-04,1.205302
2008-09-05,1.233899
2008-09-08,1.225885
2008-09-09,1.238554
2008-09-10,1.244251
2008-09-11,1.253593
2008-09-12,1.226553
2008-09-15,1.240031
2008-09-16,1.257463
2008-09-17,1.261193
2008-09-18,1.247007
2008-09-19,1.213816
2008-09-22,1.186437
2008-09-23,1.19169
2008-09-24,1.19505
2008-09-25,1.193974
2008-09-26,1.205738
2008-09-29,1.234467
2008-09-30,1.257345
2008-10-01,1.265061
2008-10-02,1.283068
2008-10-03,1.288445
2008-10-06,1.41273
2008-10-07,1.387082
2008-10-08,1.478283
2008-10-09,1.432018
2008-10-10,1.529348
2008-10-13,1.476987
2008-10-14,1.409721
2008-10-15,1.472063
2008-10-16,1.478977
2008-10-17,1.451581
2008-10-20,1.433806
2008-10-21,1.467928
2008-10-22,1.490723
2008-10-23,1.503888
2008-10-24,1.615232
2008-10-27,1.643214
2008-10-28,1.585019
2008-10-29,1.5072
2008-10-30,1.478161
2008-10-31,1.508963
2008-11-03,1.47519
2008-11-04,1.43727
2008-11-05,1.441285
2008-11-06,1.477496
2008-11-07,1.48945
2008-11-10,1.47448
2008-11-11,1.499157
2008-11-12,1.544174
2008-11-13,1.541788
2008-11-14,1.511231
2008-11-17,1.520663
2008-11-18,1.53665
2008-11-19,1.55036
2008-11-20,1.615279
2008-11-21,1.598379
2008-11-24,1.546933
2008-11-25,1.54819
2008-11-26,1.543763
2008-11-27,1.52106
2008-11-28,1.530724
2008-12-01,1.553718
2008-12-02,1.553371
2008-12-03,1.550801
2008-12-04,1.546571
2008-12-05,1.567136
2008-12-08,1.503421
2008-12-09,1.519286
2008-12-10,1.517494
2008-12-11,1.490756
2008-12-12,1.517665
2008-12-15,1.497333
2008-12-16,1.467357
2008-12-17,1.438119
2008-12-18,1.439214
2008-12-19,1.468073
2008-12-22,1.460541
2008-12-23,1.466649
2008-12-24,1.465602
2008-12-25,1.465675
2008-12-26,1.462116
2008-12-29,1.445615
2008-12-30,1.448789
2008-12-31,1.435622
2009-01-01,1.414114
2009-01-02,1.41823
2009-01-05,1.403539
2009-01-06,1.391096
2009-01-07,1.392203
2009-01-08,1.413221
2009-01-09,1.417024
2009-01-12,1.464851
2009-01-13,1.502727
2009-01-14,1.506917
2009-01-15,1.513038
2009-01-16,1.491819
2009-01-19,1.487995
2009-01-20,1.528811
2009-01-21,1.530219
2009-01-22,1.526105
2009-01-23,1.536994
2009-01-26,1.517187
2009-01-27,1.511155
2009-01-28,1.497181
2009-01-29,1.525361
2009-01-30,1.569996
2009-02-02,1.586713
2009-02-03,1.547669
2009-02-04,1.550033
2009-02-05,1.532478
2009-02-06,1.495192
2009-02-09,1.47243
2009-02-10,1.517179
2009-02-11,1.524355
2009-02-12,1.540059
2009-02-13,1.515503
2009-02-16,1.539953
2009-02-17,1.56626
2009-02-18,1.565478
2009-02-19,1.546947
2009-02-20,1.556847
2009-02-23,1.551776
2009-02-24,1.547558
2009-02-25,1.54283
2009-02-26,1.532903
2009-02-27,1.56305
2009-03-02,1.583248
2009-03-03,1.5587
2009-03-04,1.544985
2009-03-05,1.552348
2009-03-06,1.561571
2009-03-09,1.582075
2009-03-10,1.552549
2009-03-11,1.537159
2009-03-12,1.541072
2009-03-13,1.51987
2009-03-16,1.511309
2009-03-17,1.515461
2009-03-18,1.500637
2009-03-19,1.449609
2009-03-20,1.453146
2009-03-23,1.428756
2009-03-24,1.431616
2009-03-25,1.433165
2009-03-26,1.424478
2009-03-27,1.443237
2009-03-30,1.472293
2009-03-31,1.442002
2009-04-01,1.439749
2009-04-02,1.398576
2009-04-03,1.401559
2009-04-06,1.406116
2009-04-07,1.404683
2009-04-08,1.407022
2009-04-09,1.395883
2009-04-10,1.391305
2009-04-13,1.370054
2009-04-14,1.373811
2009-04-15,1.386724
2009-04-16,1.389404
2009-04-17,1.38867
2009-04-20,1.425814
2009-04-21,1.416847
2009-04-22,1.410799
2009-04-23,1.403476
2009-04-24,1.386615
2009-04-27,1.401727
2009-04-28,1.41896
2009-04-29,1.381337
2009-04-30,1.369898
2009-05-01,1.370334
2009-05-04,1.357609
2009-05-05,1.345663
2009-05-06,1.34005
2009-05-07,1.323945
2009-05-08,1.310675
2009-05-11,1.313607
2009-05-12,1.307243
2009-05-13,1.321343
2009-05-14,1.328983
2009-05-15,1.330163
2009-05-18,1.312813
2009-05-19,1.290746
2009-05-20,1.288873
2009-05-21,1.292716
2009-05-22,1.274679
2009-05-25,1.279645
2009-05-26,1.279874
2009-05-27,1.277964
2009-05-28,1.275368
2009-05-29,1.252033
2009-06-01,1.233977
2009-06-02,1.220684
2009-06-03,1.238972
2009-06-04,1.25242
2009-06-05,1.250027
2009-06-08,1.270712
2009-06-09,1.252459
2009-06-10,1.241775
2009-06-11,1.223013
2009-06-12,1.230623
2009-06-15,1.257596
2009-06-16,1.25117
2009-06-17,1.264821
2009-06-18,1.250627
2009-06-19,1.237935
2009-06-22,1.263535
2009-06-23,1.264474
2009-06-24,1.251558
2009-06-25,1.251819
2009-06-26,1.239278
2009-06-29,1.239482
2009-06-30,1.235907
2009-07-01,1.236672
2009-07-02,1.254645
2009-07-03,1.253059
2009-07-06,1.262963
2009-07-07,1.256586
2009-07-08,1.284047
2009-07-09,1.276005
2009-07-10,1.288576
2009-07-13,1.282094
2009-07-14,1.266228
2009-07-15,1.244274
2009-07-16,1.244886
2009-07-17,1.247865
2009-07-20,1.229292
2009-07-21,1.228689
2009-07-22,1.227145
2009-07-23,1.22111
2009-07-24,1.224373
2009-07-27,1.215894
2009-07-28,1.206732
2009-07-29,1.22352
2009-07-30,1.210261
2009-07-31,1.201251
2009-08-03,1.188467
2009-08-04,1.18841
2009-08-05,1.188609
2009-08-06,1.190587
2009-08-07,1.195026
2009-08-10,1.193275
2009-08-11,1.202844
2009-08-12,1.203327
2009-08-13,1.188082
2009-08-14,1.197408
2009-08-17,1.217614
2009-08-18,1.214269
2009-08-19,1.211765
2009-08-20,1.202571
2009-08-21,1.198713
2009-08-24,1.190551
2009-08-25,1.191703
2009-08-26,1.206648
2009-08-27,1.195023
2009-08-28,1.186249
2009-08-31,1.190284
2009-09-01,1.2024
2009-09-02,1.201254
2009-09-03,1.190004
2009-09-04,1.18007
2009-09-07,1.168686
2009-09-08,1.158467
2009-09-09,1.159577
2009-09-10,1.163223
2009-09-11,1.157434
2009-09-14,1.162839
2009-09-15,1.16133
2009-09-16,1.14594
2009-09-17,1.146201
2009-09-18,1.152132
2009-09-21,1.159209
2009-09-22,1.144855
2009-09-23,1.146301
2009-09-24,1.150031
2009-09-25,1.155542
2009-09-28,1.149412
2009-09-29,1.148361
2009-09-30,1.132879
2009-10-01,1.145081
2009-10-02,1.1573
2009-10-05,1.141195
2009-10-06,1.12412
2009-10-07,1.124777
2009-10-08,1.104587
2009-10-09,1.106207
2009-10-12,1.103972
2009-10-13,1.102008
2009-10-14,1.095455
2009-10-15,1.08868
2009-10-16,1.090868
2009-10-19,1.08124
2009-10-20,1.082436
2009-10-21,1.080747
2009-10-22,1.081853
2009-10-23,1.081996
2009-10-26,1.087857
2009-10-27,1.091267
2009-10-28,1.109751
2009-10-29,1.095472
2009-10-30,1.10588
2009-11-02,1.103276
2009-11-03,1.112267
2009-11-04,1.100692
2009-11-05,1.099938
2009-11-06,1.091216
2009-11-09,1.076304
2009-11-10,1.07725
2009-11-11,1.074541
2009-11-12,1.080613
2009-11-13,1.073987
2009-11-16,1.068233
2009-11-17,1.077105
2009-11-18,1.07408
2009-11-19,1.088627
2009-11-20,1.095002
2009-11-23,1.082148
2009-11-24,1.088284
2009-11-25,1.075702
2009-11-26,1.093952
2009-11-27,1.103094
2009-11-30,1.093638
2009-12-01,1.082109
2009-12-02,1.079632
2009-12-03,1.078956
2009-12-04,1.088557
2009-12-07,1.09746
2009-12-08,1.102285
2009-12-09,1.100084
2009-12-10,1.091113
2009-12-11,1.094602
2009-12-14,1.093503
2009-12-15,1.103633
2009-12-16,1.110399
2009-12-17,1.128862
2009-12-18,1.125915
2009-12-21,1.131478
2009-12-22,1.13994
2009-12-23,1.137081
2009-12-24,1.132658
2009-12-25,1.132472
2009-12-28,1.12668
2009-12-29,1.11554
2009-12-30,1.118772
2009-12-31,1.112379
2010-01-01,1.108609
2010-01-04,1.098303
2010-01-05,1.094237
2010-01-06,1.08919
2010-01-07,1.090879
2010-01-08,1.086841
2010-01-11,1.07423
2010-01-12,1.083766
2010-01-13,1.082109
2010-01-14,1.074913
2010-01-15,1.0827
2010-01-18,1.079462
2010-01-19,1.084412
2010-01-20,1.098615
2010-01-21,1.103629
2010-01-22,1.107432
2010-01-25,1.105917
2010-01-26,1.114899
2010-01-27,1.115653
2010-01-28,1.111988
2010-01-29,1.125328
2010-02-01,1.126953
2010-02-02,1.131206
2010-02-03,1.130988
2010-02-04,1.149546
2010-02-05,1.157094
2010-02-08,1.153352
2010-02-09,1.140939
2010-02-10,1.14318
2010-02-11,1.124724
2010-02-12,1.130564
2010-02-15,1.124724
2010-02-16,1.112291
2010-02-17,1.10994
2010-02-18,1.112443
2010-02-19,1.117452
2010-02-22,1.110986
2010-02-23,1.118259
2010-02-24,1.119873
2010-02-25,1.128748
2010-02-26,1.118278
2010-03-01,1.112809
2010-03-02,1.106537
2010-03-03,1.104767
2010-03-04,1.109905
2010-03-05,1.10389
2010-03-08,1.098855
2010-03-09,1.096963
2010-03-10,1.091987
2010-03-11,1.09266
2010-03-12,1.091301
2010-03-15,1.0956
2010-03-16,1.091565
2010-03-17,1.083602
2010-03-18,1.085712
2010-03-19,1.090223
2010-03-22,1.094036
2010-03-23,1.089072
2010-03-24,1.099694
2010-03-25,1.097782
2010-03-26,1.106288
2010-03-29,1.092111
2010-03-30,1.08823
2010-03-31,1.091471
2010-04-01,1.087659
2010-04-02,1.088495
2010-04-05,1.086012
2010-04-06,1.080765
2010-04-07,1.078616
2010-04-08,1.079212
2010-04-09,1.073013
2010-04-12,1.076986
2010-04-13,1.078275
2010-04-14,1.069702
2010-04-15,1.071838
2010-04-16,1.078131
2010-04-19,1.087069
2010-04-20,1.073659
2010-04-21,1.077192
2010-04-22,1.079193
2010-04-23,1.083242
2010-04-26,1.07782
2010-04-27,1.08945
2010-04-28,1.083016
2010-04-29,1.077273
2010-04-30,1.076305
2010-05-01,1.076305
2010-05-02,1.076305
2010-05-03,1.07974
2010-05-04,1.095753
2010-05-05,1.102563
2010-05-06,1.118568
2010-05-07,1.12586
2010-05-08,1.12586
2010-05-09,1.12586
2010-05-10,1.107416
2010-05-11,1.115071
2010-05-12,1.118373
2010-05-13,1.113388
2010-05-14,1.125657
2010-05-17,1.141357
2010-05-18,1.147539
2010-05-19,1.184999
2010-05-20,1.211204
2010-05-21,1.206185
2010-05-24,1.204838
2010-05-25,1.223069
2010-05-26,1.206577
2010-05-27,1.184196
2010-05-28,1.177834
2010-05-31,1.184882
2010-06-01,1.197421
2010-06-02,1.19466
2010-06-03,1.184667
2010-06-04,1.204761
2010-06-07,1.225159
2010-06-08,1.214829
2010-06-09,1.204469
2010-06-10,1.182457
2010-06-11,1.177588
2010-06-14,1.161197
2010-06-15,1.161078
2010-06-16,1.158628
2010-06-17,1.154827
2010-06-18,1.149353
2010-06-21,1.136315
2010-06-22,1.142293
2010-06-23,1.14463
2010-06-24,1.154381
2010-06-25,1.150676
2010-06-28,1.144676
2010-06-29,1.17345
2010-06-30,1.180777
2010-07-01,1.192041
2010-07-02,1.185543
2010-07-05,1.191538
2010-07-06,1.174078
2010-07-07,1.167699
2010-07-08,1.141791
2010-07-09,1.142418
2010-07-12,1.144612
2010-07-13,1.136181
2010-07-14,1.132187
2010-07-15,1.133907
2010-07-16,1.1463
2010-07-19,1.151061
2010-07-20,1.138903
2010-07-21,1.13413
2010-07-22,1.122813
2010-07-23,1.117466
2010-07-26,1.111397
2010-07-27,1.107568
2010-07-28,1.119451
2010-07-29,1.111069
2010-07-30,1.106449
2010-07-31,1.106449
2010-08-01,1.106449
2010-08-02,1.095957
2010-08-03,1.095322
2010-08-04,1.092531
2010-08-05,1.094286
2010-08-06,1.08972
2010-08-09,1.090047
2010-08-10,1.098779
2010-08-11,1.11008
2010-08-12,1.117365
2010-08-13,1.117451
2010-08-16,1.116714
2010-08-17,1.105021
2010-08-18,1.110567
2010-08-19,1.117394
2010-08-20,1.124228
2010-08-23,1.119221
2010-08-24,1.131172
2010-08-25,1.135114
2010-08-26,1.126505
2010-08-27,1.117458
2010-08-30,1.117809
2010-08-31,1.124458
2010-09-01,1.10146
2010-09-02,1.098363
2010-09-03,1.09402
2010-09-06,1.090231
2010-09-07,1.095749
2010-09-08,1.089887
2010-09-09,1.081538
2010-09-10,1.07976
2010-09-13,1.070132
2010-09-14,1.063926
2010-09-15,1.065549
2010-09-16,1.068242
2010-09-17,1.065793
2010-09-20,1.056075
2010-09-21,1.053617
2010-09-22,1.047365
2010-09-23,1.052412
2010-09-24,1.044574
2010-09-27,1.039805
2010-09-28,1.036029
2010-09-29,1.030264
2010-09-30,1.034344
2010-10-01,1.028769
2010-10-04,1.033825
2010-10-05,1.033621
2010-10-06,1.023986
2010-10-07,1.0165
2010-10-08,1.018308
2010-10-11,1.016019
2010-10-12,1.015631
2010-10-13,1.009945
2010-10-14,1.004862
2010-10-15,1.009317
2010-10-18,1.00962
2010-10-19,1.026359
2010-10-20,1.016681
2010-10-21,1.017414
2010-10-22,1.020096
2010-10-25,1.007115
2010-10-26,1.014712
2010-10-27,1.029707
2010-10-28,1.021924
2010-10-29,1.022484
2010-11-01,1.013352
2010-11-02,1.000638
2010-11-03,1.000162
2010-11-04,0.985619
2010-11-05,0.985321
2010-11-08,0.987534
2010-11-09,0.989981
2010-11-10,0.997315
2010-11-11,1.000496
2010-11-12,1.010705
2010-11-15,1.013377
2010-11-16,1.02274
2010-11-17,1.021451
2010-11-18,1.011752
2010-11-19,1.015632
2010-11-22,1.012387
2010-11-23,1.025877
2010-11-24,1.019923
2010-11-25,1.020072
2010-11-26,1.037031
2010-11-29,1.040033
2010-11-30,1.042654
2010-12-01,1.034534
2010-12-02,1.027675
2010-12-03,1.01306
2010-12-06,1.011681
2010-12-07,1.010251
2010-12-08,1.021684
2010-12-09,1.016822
2010-12-10,1.013882
2010-12-13,1.00671
2010-12-14,1.000785
2010-12-15,1.009625
2010-12-16,1.012112
2010-12-17,1.013074
2010-12-20,1.00655
2010-12-21,1.002917
2010-12-22,1.000688
2010-12-23,0.996466
2010-12-24,0.996115
2010-12-27,0.997456
2010-12-28,0.989271
2010-12-29,0.98503
2010-12-30,0.985785
2010-12-31,0.980828
2011-01-01,0.980253
2011-01-02,0.980253
2011-01-03,0.98178
2011-01-04,0.99359
2011-01-05,1.000288
2011-01-06,1.004741
2011-01-07,1.005444
2011-01-08,1.005904
2011-01-09,1.005904
2011-01-10,1.007359
2011-01-11,1.014323
2011-01-12,1.006983
2011-01-13,1.001281
2011-01-14,1.012165
2011-01-15,1.012395
2011-01-16,1.012395
2011-01-17,1.00623
2011-01-18,1.002376
2011-01-19,0.997448
2011-01-20,1.011335
2011-01-21,1.010546
2011-01-22,1.010542
2011-01-23,1.010542
2011-01-24,1.004216
2011-01-25,1.007237
2011-01-26,1.003389
2011-01-27,1.008923
2011-01-28,1.005674
2011-01-29,1.004491
2011-01-30,1.004491
2011-01-31,1.003731
2011-02-01,0.989938
2011-02-02,0.991781
2011-02-03,0.986329
2011-02-04,0.985273
2011-02-05,0.984917
2011-02-06,0.984917
2011-02-07,0.986069
2011-02-08,0.985391
2011-02-09,0.989888
2011-02-10,0.995905
2011-02-11,0.999793
2011-02-12,0.99969
2011-02-13,0.99969
2011-02-14,0.998225
2011-02-15,1.001916
2011-02-16,0.99906
2011-02-17,0.991186
2011-02-18,0.987353
2011-02-19,0.987885
2011-02-20,0.987885
2011-02-21,0.98929
2011-02-22,1.00013
2011-02-23,0.997829
2011-02-24,0.991825
2011-02-25,0.984869
2011-02-26,0.984704
2011-02-27,0.984704
2011-02-28,0.982717
2011-03-01,0.984334
2011-03-02,0.98489
2011-03-03,0.984877
2011-03-04,0.987965
2011-03-05,0.987563
2011-03-06,0.987563
2011-03-07,0.986953
2011-03-08,0.990354
2011-03-09,0.989029
2011-03-10,0.998582
2011-03-11,0.991729
2011-03-12,0.992939
2011-03-13,0.992939
2011-03-14,0.991647
2011-03-15,1.012027
2011-03-16,1.014499
2011-03-17,1.017491
2011-03-18,1.005707
2011-03-19,1.006303
2011-03-20,1.006303
2011-03-21,0.996474
2011-03-22,0.988429
2011-03-23,0.988558
2011-03-24,0.980421
2011-03-25,0.975648
2011-03-26,0.97642
2011-03-27,0.97642
2011-03-28,0.974251
2011-03-29,0.974804
2011-03-30,0.96922
2011-03-31,0.966387
2011-04-01,0.963962
2011-04-02,0.964044
2011-04-03,0.964044
2011-04-04,0.964728
2011-04-05,0.968217
2011-04-06,0.959971
2011-04-07,0.955094
2011-04-08,0.949563
2011-04-09,0.948225
2011-04-10,0.948225
2011-04-11,0.950587
2011-04-12,0.954831
2011-04-13,0.952499
2011-04-14,0.95041
2011-04-15,0.948233
2011-04-16,0.948102
2011-04-17,0.948102
2011-04-18,0.951884
2011-04-19,0.951526
2011-04-20,0.936818
2011-04-21,0.930322
2011-04-22,0.930975
2011-04-23,0.930207
2011-04-24,0.930207
2011-04-25,0.932388
2011-04-26,0.928532
2011-04-27,0.923443
2011-04-28,0.917197
2011-04-29,0.912722
2011-04-30,0.912049
2011-05-01,0.912049
2011-05-02,0.913279
2011-05-03,0.919669
2011-05-04,0.927319
2011-05-05,0.940989
2011-05-06,0.93397
2011-05-07,0.935023
2011-05-08,0.935023
2011-05-09,0.928819
2011-05-10,0.924669
2011-05-11,0.929292
2011-05-12,0.939447
2011-05-13,0.942329
2011-05-14,0.940872
2011-05-15,0.940872
2011-05-16,0.944758
2011-05-17,0.944778
2011-05-18,0.942795
2011-05-19,0.938976
2011-05-20,0.938201
2011-05-21,0.938471
2011-05-22,0.938471
2011-05-23,0.951626
2011-05-24,0.946679
2011-05-25,0.950329
2011-05-26,0.942998
2011-05-27,0.935124
2011-05-28,0.934619
2011-05-29,0.934619
2011-05-30,0.935419
2011-05-31,0.938167
2011-06-01,0.93554
2011-06-02,0.938497
2011-06-03,0.934852
2011-06-04,0.935668
2011-06-05,0.935668
2011-06-06,0.932085
2011-06-07,0.933716
2011-06-08,0.941861
2011-06-09,0.941471
2011-06-10,0.945335
2011-06-11,0.945433
2011-06-12,0.945433
2011-06-13,0.945177
2011-06-14,0.937402
2011-06-15,0.941801
2011-06-16,0.950148
2011-06-17,0.942156
2011-06-18,0.941773
2011-06-19,0.941773
2011-06-20,0.947331
2011-06-21,0.943803
2011-06-22,0.943706
2011-06-23,0.951939
2011-06-24,0.95016
2011-06-25,0.950129
2011-06-26,0.950129
2011-06-27,0.95778
2011-06-28,0.951967
2011-06-29,0.938715
2011-06-30,0.932619
2011-07-01,0.930496
2011-07-02,0.930972
2011-07-03,0.930972
2011-07-04,0.931598
2011-07-05,0.935341
2011-07-06,0.936189
2011-07-07,0.929824
2011-07-08,0.930247
2011-07-09,0.929257
2011-07-10,0.929257
2011-07-11,0.938042
2011-07-12,0.943043
2011-07-13,0.932755
2011-07-14,0.931369
2011-07-15,0.938358
2011-07-16,0.938375
2011-07-17,0.938375
2011-07-18,0.943887
2011-07-19,0.934936
2011-07-20,0.931016
2011-07-21,0.926068
2011-07-22,0.920777
2011-07-23,0.920527
2011-07-24,0.920527
2011-07-25,0.921654
2011-07-26,0.912954
2011-07-27,0.906698
2011-07-28,0.908001
2011-07-29,0.911517
2011-07-30,0.911829
2011-07-31,0.911829
2011-08-01,0.909842
2011-08-02,0.923803
2011-08-03,0.930837
2011-08-04,0.950427
2011-08-05,0.958017
2011-08-06,0.956791
2011-08-07,0.956791
2011-08-08,0.970774
2011-08-09,0.975204
2011-08-10,0.974833
2011-08-11,0.973647
2011-08-12,0.966572
2011-08-13,0.966529
2011-08-14,0.966529
2011-08-15,0.956015
2011-08-16,0.95633
2011-08-17,0.947263
2011-08-18,0.960843
2011-08-19,0.9591
2011-08-20,0.959501
2011-08-21,0.959501
2011-08-22,0.95859
2011-08-23,0.951427
2011-08-24,0.954663
2011-08-25,0.956051
2011-08-26,0.948413
2011-08-27,0.949356
2011-08-28,0.949356
2011-08-29,0.940526
2011-08-30,0.937056
2011-08-31,0.935299
2011-09-01,0.93223
2011-09-02,0.936627
2011-09-03,0.937035
2011-09-04,0.937035
2011-09-05,0.945748
2011-09-06,0.950205
2011-09-07,0.942336
2011-09-08,0.942388
2011-09-09,0.95398
2011-09-10,0.952034
2011-09-11,0.952034
2011-09-12,0.968827
2011-09-13,0.968518
2011-09-14,0.975218
2011-09-15,0.970442
2011-09-16,0.96541
2011-09-17,0.966083
2011-09-18,0.966083
2011-09-19,0.977624
2011-09-20,0.973392
2011-09-21,0.984815
2011-09-22,1.022764
2011-09-23,1.025937
2011-09-24,1.02607
2011-09-25,1.02607
2011-09-26,1.021542
2011-09-27,1.007667
2011-09-28,1.015083
2011-09-29,1.020419
2011-09-30,1.029569
2011-10-01,1.031258
2011-10-02,1.031258
2011-10-03,1.0404
2011-10-04,1.05436
2011-10-05,1.03955
2011-10-06,1.030275
2011-10-07,1.020111
2011-10-08,1.022453
2011-10-09,1.022453
2011-10-10,1.004748
2011-10-11,1.003456
2011-10-12,0.985725
2011-10-13,0.984252
2011-10-14,0.971242
2011-10-15,0.971038
2011-10-16,0.971038
2011-10-17,0.977125
2011-10-18,0.979142
2011-10-19,0.973654
2011-10-20,0.976899
2011-10-21,0.968725
2011-10-22,0.967749
2011-10-23,0.967749
2011-10-24,0.957615
2011-10-25,0.956627
2011-10-26,0.963726
2011-10-27,0.93644
2011-10-28,0.934937
2011-10-29,0.935709
2011-10-30,0.935709
2011-10-31,0.945602
2011-11-01,0.9703
2011-11-02,0.965184
2011-11-03,0.961445
2011-11-04,0.963994
2011-11-05,0.963868
2011-11-06,0.963868
2011-11-07,0.966241
2011-11-08,0.967455
2011-11-09,0.981586
2011-11-10,0.985144
2011-11-11,0.978636
2011-11-12,0.978273
2011-11-13,0.978273
2011-11-14,0.979529
2011-11-15,0.985859
2011-11-16,0.98914
2011-11-17,0.997178
2011-11-18,0.995945
2011-11-19,0.99601
2011-11-20,0.997772
2011-11-21,1.013928
2011-11-22,1.015465
2011-11-23,1.029754
2011-11-24,1.026318
2011-11-25,1.030378
2011-11-26,1.031328
2011-11-27,1.026758
2011-11-28,1.008579
2011-11-29,0.998419
2011-11-30,0.976871
2011-12-01,0.97754
2011-12-02,0.976313
2011-12-03,0.97556
2011-12-04,0.97467
2011-12-05,0.972747
2011-12-06,0.97704
2011-12-07,0.973411
2011-12-08,0.978289
2011-12-09,0.98156
2011-12-10,0.981603
2011-12-11,0.981603
2011-12-12,0.992051
2011-12-13,0.992786
2011-12-14,1.006943
2011-12-15,1.007003
2011-12-16,1.002099
2011-12-17,1.001679
2011-12-18,1.001679
2011-12-19,1.007647
2011-12-20,0.995867
2011-12-21,0.991625
2011-12-22,0.986939
2011-12-23,0.985004
2011-12-24,0.985077
2011-12-25,0.985077
2011-12-26,0.984083
2011-12-27,0.984521
2011-12-28,0.987001
2011-12-29,0.988898
2011-12-30,0.979528
2011-12-31,0.981393
2012-01-01,0.981393
2012-01-02,0.978373
2012-01-03,0.965377
2012-01-04,0.967005
2012-01-05,0.974625
2012-01-06,0.976972
2012-01-07,0.976933
2012-01-08,0.976933
2012-01-09,0.978176
2012-01-10,0.968395
2012-01-11,0.971041
2012-01-12,0.967626
2012-01-13,0.969793
2012-01-14,0.968445
2012-01-15,0.968445
2012-01-16,0.969484
2012-01-17,0.962324
2012-01-18,0.961095
2012-01-19,0.959975
2012-01-20,0.956236
2012-01-21,0.956627
2012-01-22,0.956627
2012-01-23,0.948662
2012-01-24,0.95506
2012-01-25,0.950573
2012-01-26,0.939546
2012-01-27,0.938474
2012-01-28,0.937957
2012-01-29,0.937957
2012-01-30,0.945726
2012-01-31,0.94102
2012-02-01,0.934489
2012-02-02,0.934134
2012-02-03,0.931344
2012-02-04,0.932363
2012-02-05,0.932363
2012-02-06,0.932904
2012-02-07,0.926559
2012-02-08,0.925463
2012-02-09,0.926078
2012-02-10,0.937896
2012-02-11,0.937841
2012-02-12,0.937841
2012-02-13,0.931104
2012-02-14,0.934982
2012-02-15,0.932789
2012-02-16,0.932493
2012-02-17,0.932229
2012-02-18,0.931489
2012-02-19,0.931489
2012-02-20,0.928994
2012-02-21,0.936985
2012-02-22,0.940368
2012-02-23,0.934429
2012-02-24,0.933967
2012-02-25,0.933865
2012-02-26,0.933865
2012-02-27,0.936472
2012-02-28,0.933102
2012-02-29,0.931096
2012-03-01,0.930975
2012-03-02,0.929958
2012-03-03,0.929823
2012-03-04,0.929823
2012-03-05,0.936291
2012-03-06,0.946481
2012-03-07,0.945553
2012-03-08,0.940152
2012-03-09,0.943729
2012-03-10,0.943382
2012-03-11,0.943382
2012-03-12,0.95246
2012-03-13,0.950532
2012-03-14,0.956549
2012-03-15,0.950207
2012-03-16,0.944915
2012-03-17,0.944709
2012-03-18,0.944709
2012-03-19,0.944262
2012-03-20,0.953925
2012-03-21,0.956728
2012-03-22,0.963578
2012-03-23,0.958486
2012-03-24,0.958698
2012-03-25,0.958698
2012-03-26,0.950682
2012-03-27,0.953207
2012-03-28,0.962097
2012-03-29,0.964739
2012-03-30,0.962653
2012-03-31,0.959604
2012-04-01,0.959604
2012-04-02,0.960499
2012-04-03,0.966318
2012-04-04,0.973999
2012-04-05,0.971437
2012-04-06,0.970432
2012-04-07,0.971316
2012-04-08,0.972282
2012-04-09,0.969514
2012-04-10,0.973763
2012-04-11,0.970805
2012-04-12,0.959301
2012-04-13,0.962933
2012-04-14,0.96247
2012-04-15,0.963447
2012-04-16,0.966276
2012-04-17,0.962542
2012-04-18,0.965077
2012-04-19,0.967208
2012-04-20,0.964553
2012-04-21,0.964544
2012-04-22,0.964544
2012-04-23,0.970935
2012-04-24,0.970952
2012-04-25,0.966664
2012-04-26,0.963227
2012-04-27,0.95703
2012-04-28,0.956914
2012-04-29,0.956914
2012-04-30,0.959904
2012-05-01,0.966101
2012-05-02,0.968926
2012-05-03,0.973864
2012-05-04,0.979819
2012-05-05,0.979275
2012-05-06,0.979275
2012-05-07,0.980583
2012-05-08,0.98706
2012-05-09,0.994435
2012-05-10,0.989596
2012-05-11,0.995426
2012-05-12,0.996228
2012-05-13,0.996228
2012-05-14,1.001849
2012-05-15,1.002862
2012-05-16,1.007097
2012-05-17,1.008997
2012-05-18,1.016654
2012-05-19,1.014134
2012-05-20,1.014134
2012-05-21,1.013405
2012-05-22,1.014879
2012-05-23,1.026339
2012-05-24,1.023744
2012-05-25,1.022728
2012-05-26,1.023331
2012-05-27,1.023331
2012-05-28,1.014469
2012-05-29,1.016986
2012-05-30,1.026632
2012-05-31,1.027039
2012-06-01,1.033883
2012-06-02,1.033857
2012-06-03,1.033857
2012-06-04,1.028762
2012-06-05,1.02691
2012-06-06,1.010645
2012-06-07,1.005811
2012-06-08,1.012325
2012-06-09,1.011958
2012-06-10,1.011958
2012-06-11,1.008794
2012-06-12,1.007422
2012-06-13,1.003741
2012-06-14,1.002286
2012-06-15,0.994545
2012-06-16,0.994718
2012-06-17,0.994718
2012-06-18,0.990459
2012-06-19,0.982093
2012-06-20,0.981515
2012-06-21,0.989254
2012-06-22,0.994558
2012-06-23,0.994857
2012-06-24,0.994857
2012-06-25,0.999936
2012-06-26,0.994915
2012-06-27,0.992441
2012-06-28,0.996026
2012-06-29,0.978263
2012-06-30,0.978432
2012-07-01,0.978082
2012-07-02,0.975617
2012-07-03,0.973225
2012-07-04,0.972943
2012-07-05,0.971684
2012-07-06,0.977649
2012-07-07,0.977013
2012-07-08,0.977563
2012-07-09,0.982139
2012-07-10,0.979838
2012-07-11,0.975803
2012-07-12,0.986579
2012-07-13,0.980141
2012-07-14,0.977844
2012-07-15,0.977217
2012-07-16,0.977204
2012-07-17,0.971686
2012-07-18,0.966963
2012-07-19,0.959014
2012-07-20,0.962807
2012-07-21,0.963167
2012-07-22,0.964072
2012-07-23,0.97369
2012-07-24,0.975277
2012-07-25,0.971395
2012-07-26,0.962505
2012-07-27,0.956512
2012-07-28,0.954364
2012-07-29,0.954664
2012-07-30,0.953247
2012-07-31,0.951302
2012-08-01,0.952708
2012-08-02,0.954611
2012-08-03,0.948265
2012-08-04,0.946638
2012-08-05,0.946338
2012-08-06,0.945767
2012-08-07,0.945977
2012-08-08,0.946709
2012-08-09,0.94585
2012-08-10,0.947531
2012-08-11,0.945677
2012-08-12,0.946702
2012-08-13,0.950189
2012-08-14,0.951687
2012-08-15,0.952915
2012-08-16,0.951967
2012-08-17,0.95928
2012-08-18,0.959119
2012-08-19,0.958697
2012-08-20,0.957084
2012-08-21,0.953717
2012-08-22,0.955175
2012-08-23,0.95568
2012-08-24,0.961235
2012-08-25,0.961126
2012-08-26,0.960399
2012-08-27,0.963452
2012-08-28,0.96386
2012-08-29,0.96506
2012-08-30,0.96983
2012-08-31,0.968018
2012-09-01,0.968655
2012-09-02,0.96993
2012-09-03,0.976567
2012-09-04,0.977009
2012-09-05,0.981018
2012-09-06,0.973575
2012-09-07,0.963626
2012-09-08,0.962112
2012-09-09,0.963242
2012-09-10,0.966556
2012-09-11,0.959478
2012-09-12,0.955973
2012-09-13,0.953295
2012-09-14,0.946215
2012-09-15,0.947525
2012-09-16,0.94733
2012-09-17,0.953467
2012-09-18,0.958123
2012-09-19,0.955337
2012-09-20,0.959764
2012-09-21,0.955102
2012-09-22,0.956181
2012-09-23,0.956457
2012-09-24,0.959934
2012-09-25,0.960168
2012-09-26,0.96563
2012-09-27,0.958
2012-09-28,0.962349
2012-09-29,0.963534
2012-09-30,0.964324
2012-10-01,0.965028
2012-10-02,0.972345
2012-10-03,0.978935
2012-10-04,0.977182
2012-10-05,0.980184
2012-10-06,0.98221
2012-10-07,0.982887
2012-10-08,0.981239
2012-10-09,0.979813
2012-10-10,0.976687
2012-10-11,0.974033
2012-10-12,0.976968
2012-10-13,0.977708
2012-10-14,0.976261
2012-10-15,0.976002
2012-10-16,0.973156
2012-10-17,0.964574
2012-10-18,0.963273
2012-10-19,0.967327
2012-10-20,0.967726
2012-10-21,0.968554
2012-10-22,0.969155
2012-10-23,0.974503
2012-10-24,0.967468
2012-10-25,0.964873
2012-10-26,0.965524
2012-10-27,0.964342
2012-10-28,0.965035
2012-10-29,0.967265
2012-10-30,0.964155
2012-10-31,0.964049
2012-11-01,0.961915
2012-11-02,0.965418
2012-11-03,0.967139
2012-11-04,0.966971
2012-11-05,0.964836
2012-11-06,0.958252
2012-11-07,0.960047
2012-11-08,0.960056
2012-11-09,0.962946
2012-11-10,0.96268
2012-11-11,0.962355
2012-11-12,0.958751
2012-11-13,0.958941
2012-11-14,0.96246
2012-11-15,0.968491
2012-11-16,0.967921
2012-11-17,0.967436
2012-11-18,0.966659
2012-11-19,0.961431
2012-11-20,0.963035
2012-11-21,0.965332
2012-11-22,0.963369
2012-11-23,0.957505
2012-11-24,0.956037
2012-11-25,0.956154
2012-11-26,0.956492
2012-11-27,0.956236
2012-11-28,0.955415
2012-11-29,0.958247
2012-11-30,0.95915
2012-12-01,0.959025
2012-12-02,0.958969
2012-12-03,0.959166
2012-12-04,0.954721
2012-12-05,0.955894
2012-12-06,0.953856
2012-12-07,0.953846
2012-12-08,0.953698
2012-12-09,0.953785
2012-12-10,0.953273
2012-12-11,0.951137
2012-12-12,0.948086
2012-12-13,0.94958
2012-12-14,0.947807
2012-12-15,0.946592
2012-12-16,0.946949
2012-12-17,0.948518
2012-12-18,0.949719
2012-12-19,0.95288
2012-12-20,0.953935
2012-12-21,0.960162
2012-12-22,0.961195
2012-12-23,0.961215
2012-12-24,0.963883
2012-12-25,0.96449
2012-12-26,0.964792
2012-12-27,0.963991
2012-12-28,0.963563
2012-12-29,0.964012
2012-12-30,0.963479
2012-12-31,0.962404
2013-01-01,0.963889
2013-01-02,0.952406
2013-01-03,0.954909
2013-01-04,0.953861
2013-01-05,0.953861
2013-01-06,0.953148
2013-01-07,0.951948
2013-01-08,0.952086
2013-01-09,0.951716
2013-01-10,0.944206
2013-01-11,0.948216
2013-01-12,0.948261
2013-01-13,0.948156
2013-01-14,0.946996
2013-01-15,0.946937
2013-01-16,0.947001
2013-01-17,0.94837
2013-01-18,0.95184
2013-01-19,0.951663
2013-01-20,0.951768
2013-01-21,0.950904
2013-01-22,0.946319
2013-01-23,0.948437
2013-01-24,0.955896
2013-01-25,0.959263
2013-01-26,0.959608
2013-01-27,0.959938
2013-01-28,0.961068
2013-01-29,0.955766
2013-01-30,0.960077
2013-01-31,0.958881
2013-02-01,0.961344
2013-02-02,0.961182
2013-02-03,0.960124
2013-02-04,0.958366
2013-02-05,0.961519
2013-02-06,0.969404
2013-02-07,0.97104
2013-02-08,0.968767
2013-02-09,0.969236
2013-02-10,0.969396
2013-02-11,0.974529
2013-02-12,0.971561
2013-02-13,0.965006
2013-02-14,0.964873
2013-02-15,0.969258
2013-02-16,0.969258
2013-02-17,0.971498
2013-02-18,0.969055
2013-02-19,0.966064
2013-02-20,0.974868
2013-02-21,0.973913
2013-02-22,0.969329
2013-02-23,0.969118
2013-02-24,0.970403
2013-02-25,0.973498
2013-02-26,0.976686
2013-02-27,0.978484
2013-02-28,0.977711
2013-03-01,0.979881
2013-03-02,0.980241
2013-03-03,0.980363
2013-03-04,0.980865
2013-03-05,0.975531
2013-03-06,0.976435
2013-03-07,0.973535
2013-03-08,0.975655
2013-03-09,0.976534
2013-03-10,0.977857
2013-03-11,0.974812
2013-03-12,0.96935
2013-03-13,0.971477
2013-03-14,0.963732
2013-03-15,0.961588
2013-03-16,0.960708
2013-03-17,0.962593
2013-03-18,0.962173
2013-03-19,0.964415
2013-03-20,0.963855
2013-03-21,0.959824
2013-03-22,0.957336
2013-03-23,0.957336
2013-03-24,0.957331
2013-03-25,0.955638
2013-03-26,0.954277
2013-03-27,0.956768
2013-03-28,0.959943
2013-03-29,0.960043
2013-03-30,0.959974
2013-04-01,0.960051
2013-04-02,0.959582
2013-04-03,0.956735
2013-04-04,0.955754
2013-04-05,0.958654
2013-04-06,0.96037
2013-04-07,0.961292
2013-04-08,0.963429
2013-04-09,0.960367
2013-04-10,0.954175
2013-04-11,0.948955
2013-04-12,0.948885
2013-04-13,0.951895
2013-04-14,0.951864
2013-04-15,0.951917
2013-04-16,0.967317
2013-04-17,0.96276
2013-04-18,0.969165
2013-04-19,0.970192
2013-04-20,0.973269
2013-04-21,0.973228
2013-04-22,0.973178
2013-04-23,0.973447
2013-04-24,0.974603
2013-04-25,0.972793
2013-04-26,0.970624
2013-04-27,0.972878
2013-04-28,0.972857
2013-04-29,0.972594
2013-04-30,0.966562
2013-05-01,0.966498
2013-05-02,0.972956
2013-05-03,0.97499
2013-05-04,0.970267
2013-05-05,0.969312
2013-05-06,0.969797
2013-05-07,0.975553
2013-05-08,0.981752
2013-05-09,0.982468
2013-05-10,0.988119
2013-05-11,0.997548
2013-05-12,0.998046
2013-05-13,0.999008
2013-05-14,1.003655
2013-05-15,1.009001
2013-05-16,1.008293
2013-05-17,1.018695
2013-05-18,1.027593
2013-05-19,1.024311
2013-05-20,1.023136
2013-05-21,1.020146
2013-05-22,1.020193
2013-05-23,1.029862
2013-05-24,1.028262
2013-05-25,1.035575
2013-05-26,1.036083
2013-05-27,1.036046
2013-05-28,1.037441
2013-05-29,1.039115
2013-05-30,1.039482
2013-05-31,1.035163
2013-06-01,1.042126
2013-06-02,1.045353
2013-06-03,1.043416
2013-06-04,1.027339
2013-06-05,1.036204
2013-06-06,1.047587
2013-06-07,1.047002
2013-06-08,1.052542
2013-06-09,1.052542
2013-06-10,1.057742
2013-06-11,1.058022
2013-06-12,1.062252
2013-06-13,1.053904
2013-06-14,1.040803
2013-06-15,1.044089
2013-06-16,1.04398
2013-06-17,1.043968
2013-06-18,1.045376
2013-06-19,1.055116
2013-06-20,1.071571
2013-06-21,1.086626
2013-06-22,1.084301
2013-06-23,1.084066
2013-06-24,1.083291
2013-06-25,1.082998
2013-06-26,1.079321
2013-06-27,1.077132
2013-06-28,1.076563
2013-06-29,1.090755
2013-06-30,1.093535
2013-07-01,1.09431
2013-07-02,1.084624
2013-07-03,1.092245
2013-07-04,1.100613
2013-07-05,1.094504
2013-07-06,1.100173
2013-07-07,1.103027
2013-07-08,1.103377
2013-07-09,1.096691
2013-07-10,1.091085
2013-07-11,1.08287
2013-07-12,1.088599
2013-07-13,1.105781
2013-07-14,1.104864
2013-07-15,1.103114
2013-07-16,1.099276
2013-07-17,1.083014
2013-07-18,1.083592
2013-07-19,1.087943
2013-07-20,1.088355
2013-07-21,1.089062
2013-07-22,1.088024
2013-07-23,1.082585
2013-07-24,1.079201
2013-07-25,1.090703
2013-07-26,1.083501
2013-07-27,1.0794
2013-07-28,1.079691
2013-07-29,1.078916
2013-07-30,1.086024
2013-07-31,1.101908
2013-08-01,1.114929
2013-08-02,1.117701
2013-08-03,1.122885
2013-08-04,1.12291
2013-08-05,1.122655
2013-08-06,1.12096
2013-08-07,1.112986
2013-08-08,1.112751
2013-08-09,1.099071
2013-08-10,1.088136
2013-08-11,1.086653
2013-08-12,1.087573
2013-08-13,1.094585
2013-08-14,1.098294
2013-08-15,1.096675
2013-08-16,1.093623
2013-08-17,1.089037
2013-08-18,1.088668
2013-08-19,1.088611
2013-08-20,1.094184
2013-08-21,1.103234
2013-08-22,1.113312
2013-08-23,1.109246
2013-08-24,1.108189
2013-08-25,1.107624
2013-08-26,1.107426
2013-08-27,1.108012
2013-08-28,1.114583
2013-08-29,1.118604
2013-08-30,1.120599
2013-08-31,1.122619
2013-09-01,1.123399
2013-09-02,1.1215
2013-09-03,1.111892
2013-09-04,1.105844
2013-09-05,1.091674
2013-09-06,1.09556
2013-09-07,1.088565
2013-09-08,1.08866
2013-09-09,1.08733
2013-09-10,1.084048
2013-09-11,1.075754
2013-09-12,1.072607
2013-09-13,1.079813
2013-09-14,1.081604
2013-09-15,1.081511
2013-09-16,1.072399
2013-09-17,1.072046
2013-09-18,1.069442
2013-09-19,1.055928
2013-09-20,1.057793
2013-09-21,1.063362
2013-09-22,1.063881
2013-09-23,1.065
2013-09-24,1.061147
2013-09-25,1.065563
2013-09-26,1.068391
2013-09-27,1.067879
2013-09-28,1.072269
2013-09-29,1.072269
2013-09-30,1.073288
2013-10-01,1.072099
2013-10-02,1.065303
2013-10-03,1.066052
2013-10-04,1.065028
2013-10-05,1.059936
2013-10-06,1.060004
2013-10-07,1.059976
2013-10-08,1.061381
2013-10-09,1.059758
2013-10-10,1.057702
2013-10-11,1.058498
2013-10-12,1.056203
2013-10-13,1.056201
2013-10-14,1.058384
2013-10-15,1.053917
2013-10-16,1.049658
2013-10-17,1.047499
2013-10-18,1.03978
2013-10-19,1.034013
2013-10-20,1.033578
2013-10-21,1.034004
2013-10-22,1.035414
2013-10-23,1.031186
2013-10-24,1.039083
2013-10-25,1.039683
2013-10-26,1.043232
2013-10-27,1.043395
2013-10-28,1.045062
2013-10-29,1.054193
2013-10-30,1.055181
2013-10-31,1.05674
2013-11-01,1.058638
2013-11-02,1.058141
2013-11-03,1.057367
2013-11-04,1.051905
2013-11-05,1.052407
2013-11-06,1.049852
2013-11-07,1.057266
2013-11-08,1.065533
2013-11-09,1.065616
2013-11-10,1.065638
2013-11-11,1.068658
2013-11-12,1.075187
2013-11-13,1.06821
2013-11-14,1.073539
2013-11-15,1.067423
2013-11-16,1.06734
2013-11-17,1.06655
2013-11-18,1.066541
2013-11-19,1.060559
2013-11-20,1.071961
2013-11-21,1.083098
2013-11-22,1.089782
2013-11-23,1.090794
2013-11-24,1.090778
2013-11-25,1.090664
2013-11-26,1.095482
2013-11-27,1.101474
2013-11-28,1.098789
2013-11-29,1.097996
2013-11-30,1.0978
2013-12-01,1.09583
2013-12-02,1.098172
2013-12-03,1.094659
2013-12-04,1.107449
2013-12-05,1.102962
2013-12-06,1.098655
2013-12-07,1.098667
2013-12-08,1.096453
2013-12-09,1.098406
2013-12-10,1.093499
2013-12-11,1.106184
2013-12-12,1.120126
2013-12-13,1.115812
2013-12-14,1.115874
2013-12-15,1.116351
2013-12-16,1.118384
2013-12-17,1.123161
2013-12-18,1.130044
2013-12-19,1.128538
2013-12-20,1.120825
2013-12-21,1.120787
2013-12-22,1.121001
2013-12-23,1.119572
2013-12-24,1.120781
2013-12-25,1.120429
2013-12-26,1.124487
2013-12-27,1.127517
2013-12-28,1.127552
2013-12-29,1.128887
2013-12-30,1.122721
2013-12-31,1.128797
2014-01-01,1.124795
2014-01-02,1.12291
2014-01-03,1.117818
2014-01-04,1.117862
2014-01-05,1.116417
2014-01-06,1.11564
2014-01-07,1.121019
2014-01-08,1.124967
2014-01-09,1.123973
2014-01-10,1.111596
2014-01-11,1.11163
2014-01-12,1.112113
2014-01-13,1.104348
2014-01-14,1.116596
2014-01-15,1.122476
2014-01-16,1.133896
2014-01-17,1.138783
2014-01-18,1.13889
2014-01-19,1.139469
2014-01-20,1.133904
2014-01-21,1.135314
2014-01-22,1.1299
2014-01-23,1.140922
2014-01-24,1.151634
2014-01-25,1.151425
2014-01-26,1.150193
2014-01-27,1.144286
2014-01-28,1.136997
2014-01-29,1.144032
2014-01-30,1.137763
2014-01-31,1.14222
2014-02-01,1.142262
2014-02-02,1.14135
2014-02-03,1.142537
2014-02-04,1.121724
2014-02-05,1.121335
2014-02-06,1.117056
2014-02-07,1.116311
2014-02-08,1.116292
2014-02-09,1.11691
2014-02-10,1.11795
2014-02-11,1.107011
2014-02-12,1.108825
2014-02-13,1.114101
2014-02-14,1.106972
2014-02-15,1.10703
2014-02-16,1.104318
2014-02-17,1.10676
2014-02-18,1.108404
2014-02-19,1.11127
2014-02-20,1.110279
2014-02-21,1.113998
2014-02-22,1.114119
2014-02-23,1.115254
2014-02-24,1.106577
2014-02-25,1.109026
2014-02-26,1.115601
2014-02-27,1.115462
2014-02-28,1.120158
2014-03-01,1.120243
2014-03-02,1.122885
2014-03-03,1.119391
2014-03-04,1.117081
2014-03-05,1.113022
2014-03-06,1.10112
2014-03-07,1.102644
2014-03-08,1.102644
2014-03-09,1.104335
2014-03-10,1.108065
2014-03-11,1.114348
2014-03-12,1.112111
2014-03-13,1.106364
2014-03-14,1.107218
2014-03-15,1.107224
2014-03-16,1.108537
2014-03-17,1.10065
2014-03-18,1.095002
2014-03-19,1.106823
2014-03-20,1.106522
2014-03-21,1.100938
2014-03-22,1.100938
2014-03-23,1.099401
2014-03-24,1.095278
2014-03-25,1.091674
2014-03-26,1.084578
2014-03-27,1.080047
2014-03-28,1.081391
2014-03-29,1.081291
2014-03-31,1.080769
2014-04-01,1.078746
2014-04-02,1.082121
2014-04-03,1.081507
2014-04-04,1.083323
2014-04-05,1.076479
2014-04-06,1.076317
2014-04-07,1.076862
2014-04-08,1.079188
2014-04-09,1.069342
2014-04-10,1.066127
2014-04-11,1.062713
2014-04-12,1.064349
2014-04-13,1.064355
2014-04-14,1.065301
2014-04-15,1.061711
2014-04-16,1.06895
2014-04-17,1.067441
2014-04-18,1.071857
2014-04-19,1.071927
2014-04-20,1.071941
2014-04-21,1.07108
2014-04-22,1.071717
2014-04-23,1.06798
2014-04-24,1.076915
2014-04-25,1.079413
2014-04-26,1.077683
2014-04-27,1.077898
2014-04-28,1.078319
2014-04-29,1.080101
2014-04-30,1.079237
2014-05-01,1.077274
2014-05-02,1.078672
2014-05-03,1.077844
2014-05-04,1.0779
2014-05-05,1.077614
2014-05-06,1.078019
2014-05-07,1.069882
2014-05-08,1.072492
2014-05-09,1.067245
2014-05-10,1.068174
2014-05-11,1.068209
2014-05-12,1.068608
2014-05-13,1.068252
2014-05-14,1.068373
2014-05-15,1.06642
2014-05-16,1.068644
2014-05-17,1.068076
2014-05-18,1.068076
2014-05-19,1.067776
2014-05-20,1.072153
2014-05-21,1.082047
2014-05-22,1.081687
2014-05-23,1.083894
2014-05-24,1.08323
2014-05-25,1.083204
2014-05-26,1.082174
2014-05-27,1.081846
2014-05-28,1.079942
2014-05-29,1.082973
2014-05-30,1.074572
2014-05-31,1.074069
2014-06-01,1.074087
2014-06-02,1.074245
2014-06-03,1.081882
2014-06-04,1.079362
2014-06-05,1.077962
2014-06-06,1.071435
2014-06-07,1.071471
2014-06-08,1.071456
2014-06-09,1.071198
2014-06-10,1.069327
2014-06-11,1.067111
2014-06-12,1.066117
2014-06-13,1.061191
2014-06-14,1.063563
2014-06-15,1.06358
2014-06-16,1.063976
2014-06-17,1.064053
2014-06-18,1.070973
2014-06-19,1.065485
2014-06-20,1.064
2014-06-21,1.065168
2014-06-22,1.065168
2014-06-23,1.065876
2014-06-24,1.061051
2014-06-25,1.067312
2014-06-26,1.063732
2014-06-27,1.062235
2014-06-28,1.060846
2014-06-29,1.060838
2014-06-30,1.061507
2014-07-01,1.060172
2014-07-02,1.053752
2014-07-03,1.059334
2014-07-04,1.069968
2014-07-05,1.067883
2014-07-06,1.067877
2014-07-07,1.068511
2014-07-08,1.067368
2014-07-09,1.063588
2014-07-10,1.062394
2014-07-11,1.064889
2014-07-12,1.064837
2014-07-13,1.064828
2014-07-14,1.065563
2014-07-15,1.064527
2014-07-16,1.067102
2014-07-17,1.067867
2014-07-18,1.070442
2014-07-19,1.064581
2014-07-20,1.068669
2014-07-21,1.068468
2014-07-22,1.067299
2014-07-23,1.064642
2014-07-24,1.05955
2014-07-25,1.061825
2014-07-26,1.06428
2014-07-27,1.064249
2014-07-28,1.063939
2014-07-29,1.063257
2014-07-30,1.065473
2014-07-31,1.072472
2014-08-01,1.075722
2014-08-02,1.073852
2014-08-03,1.073841
2014-08-04,1.074349
2014-08-05,1.071578
2014-08-06,1.074779
2014-08-07,1.069716
2014-08-08,1.078922
2014-08-09,1.078019
2014-08-10,1.077981
2014-08-11,1.078038
2014-08-12,1.079326
2014-08-13,1.0792
2014-08-14,1.074735
2014-08-15,1.07342
2014-08-16,1.072744
2014-08-17,1.072704
2014-08-18,1.073126
2014-08-19,1.072454
2014-08-20,1.075101
2014-08-21,1.077038
2014-08-22,1.074855
2014-08-23,1.073353
2014-08-24,1.073402
2014-08-25,1.075726
2014-08-26,1.076226
2014-08-27,1.07391
2014-08-28,1.071163
2014-08-29,1.068733
2014-08-30,1.07087
2014-08-31,1.070884
2014-09-01,1.071434
2014-09-02,1.071388
2014-09-03,1.077607
2014-09-04,1.070455
2014-09-05,1.070416
2014-09-06,1.066374
2014-09-07,1.066391
2014-09-08,1.067447
2014-09-09,1.077748
2014-09-10,1.086093
2014-09-11,1.091579
2014-09-12,1.098189
2014-09-13,1.106504
2014-09-14,1.106462
2014-09-15,1.109879
2014-09-16,1.107439
2014-09-17,1.101316
2014-09-18,1.117602
2014-09-19,1.113214
2014-09-20,1.120346
2014-09-21,1.120358
2014-09-22,1.119247
2014-09-23,1.12664
2014-09-24,1.129949
2014-09-25,1.126478
2014-09-26,1.136928
2014-09-27,1.140838
2014-09-28,1.140639
2014-09-29,1.14252
2014-09-30,1.146945
2014-10-01,1.143368
2014-10-02,1.144812
2014-10-03,1.136638
2014-10-04,1.152677
2014-10-05,1.15271
2014-10-06,1.154431
2014-10-07,1.141058
2014-10-08,1.135436
2014-10-09,1.132023
2014-10-10,1.14051
2014-10-11,1.151305
2014-10-12,1.151282
2014-10-13,1.153626
2014-10-14,1.141638
2014-10-15,1.148072
2014-10-16,1.135828
2014-10-17,1.143033
2014-10-18,1.143675
2014-10-19,1.143416
2014-10-20,1.141819
2014-10-21,1.137883
2014-10-22,1.140228
2014-10-23,1.139937
2014-10-24,1.141312
2014-10-25,1.137428
2014-10-26,1.136907
2014-10-27,1.136628
2014-10-28,1.129543
2014-10-29,1.136989
2014-10-30,1.132328
2014-10-31,1.136579
2014-11-01,1.136579
2014-11-02,1.140659
2014-11-03,1.151148
2014-11-04,1.143137
2014-11-05,1.165272
2014-11-06,1.168061
2014-11-07,1.158122
2014-11-08,1.158545
2014-11-09,1.156666
2014-11-10,1.159719
2014-11-11,1.150702
2014-11-12,1.147606
2014-11-13,1.147863
2014-11-14,1.142899
2014-11-15,1.142969
2014-11-16,1.140953
2014-11-17,1.148641
2014-11-18,1.147204
2014-11-19,1.160278
2014-11-20,1.159573
2014-11-21,1.15326
2014-11-22,1.153266
2014-11-23,1.152853
2014-11-24,1.160671
2014-11-25,1.172482
2014-11-26,1.170692
2014-11-27,1.172216
2014-11-28,1.175558
2014-11-29,1.175516
2014-11-30,1.17929
2014-12-01,1.177258
2014-12-02,1.183916
2014-12-03,1.189033
2014-12-04,1.190892
2014-12-05,1.19752
2014-12-06,1.19752
2014-12-07,1.198977
2014-12-08,1.205472
2014-12-09,1.20577
2014-12-10,1.202174
2014-12-11,1.209243
2014-12-12,1.212706
2014-12-13,1.212706
2014-12-14,1.21238
2014-12-15,1.217519
2014-12-16,1.21647
2014-12-17,1.230525
2014-12-18,1.224534
2014-12-19,1.22804
2014-12-20,1.228055
2014-12-21,1.228582
2014-12-22,1.230423
2014-12-23,1.233916
2014-12-24,1.232964
2014-12-25,1.231765
2014-12-26,1.2311
2014-12-27,1.2311
2014-12-28,1.231646
2014-12-29,1.229002
2014-12-30,1.222463
2014-12-31,1.223993
2015-01-01,1.227915
2015-01-02,1.228102
2015-01-03,1.236018
2015-01-04,1.236932
2015-01-05,1.236622
2015-01-06,1.238168
2015-01-07,1.238158
2015-01-08,1.232187
2015-01-09,1.21894
2015-01-10,1.219055
2015-01-11,1.216915
2015-01-12,1.22612
2015-01-13,1.224683
2015-01-14,1.226384
2015-01-15,1.220159
2015-01-16,1.215476
2015-01-17,1.215317
2015-01-18,1.215289
2015-01-19,1.218908
2015-01-20,1.224607
2015-01-21,1.234823
2015-01-22,1.247504
2015-01-23,1.264078
2015-01-24,1.264078
2015-01-25,1.269415
2015-01-26,1.262525
2015-01-27,1.260833
2015-01-28,1.26681
2015-01-29,1.287437
2015-01-30,1.287467
2015-01-31,1.287417
2015-02-01,1.2872
2015-02-02,1.282692
2015-02-03,1.285691
2015-02-04,1.289313
2015-02-05,1.281665
2015-02-06,1.282644
2015-02-07,1.282644
2015-02-08,1.287537
2015-02-09,1.282667
2015-02-10,1.286886
2015-02-11,1.294514
2015-02-12,1.293485
2015-02-13,1.287771
2015-02-14,1.287771
2015-02-15,1.287225
2015-02-16,1.287337
2015-02-17,1.279406
2015-02-18,1.27981
2015-02-19,1.283194
2015-02-20,1.274833
2015-02-21,1.274955
2015-02-22,1.27521
2015-02-23,1.28183
2015-02-24,1.277606
2015-02-25,1.268273
2015-02-26,1.282213
2015-02-27,1.280498
2015-02-28,1.280369
2015-03-01,1.28126
2015-03-02,1.288366
2015-03-03,1.279601
2015-03-04,1.278847
2015-03-05,1.285199
2015-03-06,1.2958
2015-03-07,1.2958
2015-03-08,1.297089
2015-03-09,1.298784
2015-03-10,1.310478
2015-03-11,1.316249
2015-03-12,1.298147
2015-03-13,1.309401
2015-03-14,1.309401
2015-03-15,1.311472
2015-03-16,1.308262
2015-03-17,1.311809
2015-03-18,1.290276
2015-03-19,1.307198
2015-03-20,1.286108
2015-03-21,1.286583
2015-03-22,1.283433
2015-03-23,1.266988
2015-03-24,1.270482
2015-03-25,1.275604
2015-03-26,1.277825
2015-03-27,1.290149
2015-03-28,1.290149
2015-03-29,1.290149
2015-03-30,1.292224
2015-03-31,1.306131
2015-04-01,1.312845
2015-04-02,1.315248
2015-04-03,1.318223
2015-04-04,1.309922
2015-04-05,1.309922
2015-04-06,1.310783
2015-04-07,1.315779
2015-04-08,1.308451
2015-04-09,1.300597
2015-04-10,1.299123
2015-04-11,1.301642
2015-04-12,1.301642
2015-04-13,1.303011
2015-04-14,1.312415
2015-04-15,1.312415
2015-04-16,1.302522
2015-04-17,1.312415
2015-04-18,1.284515
2015-04-19,1.28479
2015-04-20,1.28153
2015-04-21,1.294579
2015-04-22,1.295617
2015-04-23,1.290951
2015-04-24,1.285541
2015-04-25,1.278384
2015-04-26,1.277859
2015-04-27,1.277828
2015-04-28,1.273808
2015-04-29,1.246881
2015-04-30,1.250365
2015-05-01,1.265485
2015-05-02,1.273612
2015-05-03,1.273612
2015-05-04,1.276596
2015-05-05,1.275635
2015-05-06,1.260714
2015-05-07,1.254428
2015-05-08,1.264395
2015-05-09,1.259799
2015-05-10,1.259799
2015-05-11,1.262351
2015-05-12,1.267381
2015-05-13,1.253073
2015-05-14,1.232341
2015-05-15,1.237605
2015-05-16,1.244519
2015-05-17,1.244519
2015-05-18,1.244336
2015-05-19,1.2515
2015-05-20,1.263027
2015-05-21,1.270247
2015-05-22,1.266647
2015-05-23,1.277106
2015-05-24,1.277106
2015-05-25,1.278139
2015-05-26,1.27752
2015-05-27,1.29183
2015-05-28,1.293587
2015-05-29,1.30604
2015-05-30,1.30818
2015-05-31,1.30818
2015-06-01,1.308924
2015-06-02,1.313903
2015-06-03,1.287171
2015-06-04,1.286255
2015-06-05,1.302589
2015-06-06,1.311352
2015-06-07,1.311352
2015-06-08,1.311809
2015-06-09,1.300341
2015-06-10,1.300536
2015-06-11,1.292166
2015-06-12,1.290187
2015-06-13,1.29342
2015-06-14,1.29342
2015-06-15,1.292976
2015-06-16,1.288357
2015-06-17,1.289979
2015-06-18,1.292547
2015-06-19,1.281314
2015-06-20,1.286724
2015-06-21,1.286724
2015-06-22,1.287471
2015-06-23,1.293797
2015-06-24,1.292325
2015-06-25,1.298104
2015-06-26,1.292581
2015-06-27,1.306196
2015-06-28,1.306196
2015-06-29,1.312275
2015-06-30,1.302896
2015-07-01,1.298826
2015-07-02,1.308343
2015-07-03,1.3097
2015-07-04,1.330029
2015-07-05,1.330029
2015-07-06,1.335517
2015-07-07,1.333958
2015-07-08,1.34284
2015-07-09,1.346145
2015-07-10,1.341148
2015-07-11,1.34307
2015-07-12,1.34307
2015-07-13,1.34594
2015-07-14,1.351294
2015-07-15,1.341891
2015-07-16,1.35479
2015-07-17,1.349321
2015-07-18,1.35605
2015-07-19,1.35605
2015-07-20,1.355474
2015-07-21,1.356192
2015-07-22,1.347032
2015-07-23,1.352731
2015-07-24,1.359202
2015-07-25,1.372978
2015-07-26,1.372978
2015-07-27,1.374427
2015-07-28,1.375089
2015-07-29,1.361727
2015-07-30,1.370185
2015-07-31,1.371625
2015-08-01,1.368874
2015-08-02,1.368899
2015-08-03,1.367938
2015-08-04,1.374596
2015-08-05,1.355396
2015-08-06,1.360156
2015-08-07,1.361571
2015-08-08,1.34787
2015-08-09,1.34787
2015-08-10,1.34929
2015-08-11,1.349285
2015-08-12,1.368308
2015-08-13,1.354618
2015-08-14,1.357692
2015-08-15,1.355181
2015-08-16,1.355181
2015-08-17,1.355794
2015-08-18,1.356032
2015-08-19,1.363229
2015-08-20,1.360823
2015-08-21,1.363146
2015-08-22,1.365676
2015-08-23,1.365676
2015-08-24,1.372135
2015-08-25,1.399486
2015-08-26,1.401272
2015-08-27,1.403768
2015-08-28,1.394027
2015-08-29,1.394111
2015-08-30,1.394111
2015-08-31,1.400762
2015-09-01,1.405895
2015-09-02,1.424313
2015-09-03,1.41836
2015-09-04,1.425061
2015-09-05,1.447084
2015-09-06,1.447084
2015-09-07,1.444498
2015-09-08,1.442188
2015-09-09,1.422544
2015-09-10,1.432482
2015-09-11,1.413112
2015-09-12,1.410095
2015-09-13,1.410095
2015-09-14,1.411198
2015-09-15,1.401412
2015-09-16,1.402044
2015-09-17,1.390362
2015-09-18,1.39415
2015-09-19,1.39047
2015-09-20,1.390495
2015-09-21,1.39012
2015-09-22,1.402068
2015-09-23,1.413204
2015-09-24,1.428674
2015-09-25,1.426413
2015-09-26,1.42296
2015-09-27,1.42296
2015-09-28,1.425583
2015-09-29,1.432915
2015-09-30,1.43
2015-10-01,1.427934
2015-10-02,1.421315
2015-10-03,1.417719
2015-10-04,1.417719
2015-10-05,1.417665
2015-10-06,1.41165
2015-10-07,1.396298
2015-10-08,1.38783
2015-10-09,1.378608
2015-10-10,1.363439
2015-10-11,1.363439
2015-10-12,1.36666
2015-10-13,1.359099
2015-10-14,1.385793
2015-10-15,1.369286
2015-10-16,1.364554
2015-10-17,1.376264
2015-10-18,1.376264
2015-10-19,1.37681
2015-10-20,1.379513
2015-10-21,1.376862
2015-10-22,1.386237
2015-10-23,1.385547
2015-10-24,1.385259
2015-10-25,1.385259
2015-10-26,1.378649
2015-10-27,1.389272
2015-10-28,1.398408
2015-10-29,1.413117
2015-10-30,1.399861
2015-10-31,1.401074
2015-11-01,1.401074
2015-11-02,1.400951
2015-11-03,1.391247
2015-11-04,1.398455
2015-11-05,1.399365
2015-11-06,1.42228
2015-11-07,1.418963
2015-11-08,1.418963
2015-11-09,1.419742
2015-11-10,1.422301
2015-11-11,1.417862
2015-11-12,1.405411
2015-11-13,1.404296
2015-11-14,1.402924
2015-11-15,1.402924
2015-11-16,1.411059
2015-11-17,1.404321
2015-11-18,1.4122
2015-11-19,1.389199
2015-11-20,1.38216
2015-11-21,1.381793
2015-11-22,1.381793
2015-11-23,1.38964
2015-11-24,1.381194
2015-11-25,1.378913
2015-11-26,1.382754
2015-11-27,1.390909
2015-11-28,1.390144
2015-11-29,1.390144
2015-11-30,1.382438
2015-12-01,1.366652
2015-12-02,1.368969
2015-12-03,1.363587
2015-12-04,1.362661
2015-12-05,1.36256
2015-12-06,1.36256
2015-12-07,1.375988
2015-12-08,1.385947
2015-12-09,1.388401
2015-12-10,1.370752
2015-12-11,1.379597
2015-12-12,1.391366
2015-12-13,1.391366
2015-12-14,1.377616
2015-12-15,1.39192
2015-12-16,1.387224
2015-12-17,1.406271
2015-12-18,1.392429
2015-12-19,1.39374
2015-12-20,1.39374
2015-12-21,1.394332
2015-12-22,1.382483
2015-12-23,1.385036
2015-12-24,1.37607
2015-12-25,1.375339
2015-12-26,1.373795
2015-12-27,1.373795
2015-12-28,1.3761
2015-12-29,1.376331
2015-12-30,1.371572
2015-12-31,1.372606
2016-01-01,1.372632
2016-01-02,1.370545
2016-01-03,1.370545
2016-01-04,1.394137
2016-01-05,1.399337
2016-01-06,1.416933
2016-01-07,1.423543
2016-01-08,1.43058
2016-01-09,1.438306
2016-01-10,1.438306
2016-01-11,1.43284
2016-01-12,1.43287
2016-01-13,1.430221
2016-01-14,1.432424
2016-01-15,1.459837
2016-01-16,1.457546
2016-01-17,1.457546
2016-01-18,1.456678
2016-01-19,1.443827
2016-01-20,1.458207
2016-01-21,1.430271
2016-01-22,1.42759
2016-01-23,1.428005
2016-01-24,1.428005
2016-01-25,1.433437
2016-01-26,1.425342
2016-01-27,1.415042
2016-01-28,1.4098
2016-01-29,1.41242
2016-01-30,1.411543
2016-01-31,1.411543
2016-02-01,1.412792
2016-02-02,1.416638
2016-02-03,1.39951
2016-02-04,1.38597
2016-02-05,1.412582
2016-02-06,1.41513
2016-02-07,1.414983
2016-02-08,1.408364
2016-02-09,1.412468
2016-02-10,1.409557
2016-02-11,1.409469
2016-02-12,1.407719
2016-02-13,1.407001
2016-02-14,1.407001
2016-02-15,1.399872
2016-02-16,1.408123
2016-02-17,1.394008
2016-02-18,1.401175
2016-02-19,1.403329
2016-02-20,1.39875
2016-02-21,1.39875
2016-02-22,1.380759
2016-02-23,1.387227
2016-02-24,1.393421
2016-02-25,1.387942
2016-02-26,1.403359
2016-02-27,1.403263
2016-02-28,1.403263
2016-02-29,1.398552
2016-03-01,1.39543
2016-03-02,1.375907
2016-03-03,1.358847
2016-03-04,1.346209
2016-03-05,1.344134
2016-03-06,1.344134
2016-03-07,1.336985
2016-03-08,1.340764
2016-03-09,1.330096
2016-03-10,1.344409
2016-03-11,1.322469
2016-03-12,1.32204
2016-03-13,1.32204
2016-03-14,1.33336
2016-03-15,1.341227
2016-03-16,1.344329
2016-03-17,1.307684
2016-03-18,1.314143
2016-03-19,1.314866
2016-03-20,1.314866
2016-03-21,1.318506
2016-03-22,1.31313
2016-03-23,1.313469
2016-03-24,1.32879
2016-03-25,1.331909
2016-03-26,1.331786
2016-03-27,1.331786
2016-03-28,1.325834
2016-03-29,1.315319
2016-03-30,1.304908
2016-03-31,1.306067
2016-04-01,1.303097
2016-04-02,1.30258
2016-04-03,1.30258
2016-04-04,1.312352
2016-04-05,1.329148
2016-04-06,1.315849
2016-04-07,1.332614
2016-04-08,1.323275
2016-04-09,1.324046
2016-04-10,1.324046
2016-04-11,1.314554
2016-04-12,1.305064
2016-04-13,1.306852
2016-04-14,1.297733
2016-04-15,1.294829
2016-04-16,1.294588
2016-04-17,1.294588
2016-04-18,1.29
2016-04-19,1.280072
2016-04-20,1.27977
2016-04-21,1.288804
2016-04-22,1.298256
2016-04-23,1.296966
2016-04-24,1.296966
2016-04-25,1.296323
2016-04-26,1.29259
2016-04-27,1.31719
2016-04-28,1.309685
2016-04-29,1.314735
2016-04-30,1.314714
2016-05-01,1.314714
2016-05-02,1.307424
2016-05-03,1.334028
2016-05-04,1.340698
2016-05-05,1.338977
2016-05-06,1.357947
2016-05-07,1.357407
2016-05-08,1.357407
2016-05-09,1.366287
2016-05-10,1.360726
2016-05-11,1.353599
2016-05-12,1.366399
2016-05-13,1.374981
2016-05-14,1.375757
2016-05-15,1.375757
2016-05-16,1.372015
2016-05-17,1.36505
2016-05-18,1.373337
2016-05-19,1.385349
2016-05-20,1.385116
2016-05-21,1.384793
2016-05-22,1.384793
2016-05-23,1.386548
2016-05-24,1.393001
2016-05-25,1.391355
2016-05-26,1.386063
2016-05-27,1.38912
2016-05-28,1.392147
2016-05-29,1.392147
2016-05-30,1.391987
2016-05-31,1.380747
2016-06-01,1.380206
2016-06-02,1.383816
2016-06-03,1.362708
2016-06-04,1.35751
2016-06-05,1.35751
2016-06-06,1.357973
2016-06-07,1.342998
2016-06-08,1.337287
2016-06-09,1.346183
2016-06-10,1.353766
2016-06-11,1.356177
2016-06-12,1.356177
2016-06-13,1.351536
2016-06-14,1.358555
2016-06-15,1.351719
2016-06-16,1.361302
2016-06-17,1.353326
2016-06-18,1.352352
2016-06-19,1.352352
2016-06-20,1.340476
2016-06-21,1.338175
2016-06-22,1.331769
2016-06-23,1.317714
2016-06-24,1.341054
2016-06-25,1.338256
2016-06-26,1.338256
2016-06-27,1.360608
2016-06-28,1.358358
2016-06-29,1.346164
2016-06-30,1.34475
2016-07-01,1.336188
2016-07-02,1.333463
2016-07-03,1.333463
2016-07-04,1.325963
2016-07-05,1.339463
2016-07-06,1.331988
2016-07-07,1.336025
2016-07-08,1.322413
2016-07-09,1.320725
2016-07-10,1.320725
2016-07-11,1.327788
2016-07-12,1.307038
2016-07-13,1.314225
2016-07-14,1.308738
2016-07-15,1.317838
2016-07-16,1.319688
2016-07-17,1.319688
2016-07-18,1.317713
2016-07-19,1.333513
2016-07-20,1.33285
2016-07-21,1.33455
2016-07-22,1.341063
2016-07-23,1.339075
2016-07-24,1.339075
2016-07-25,1.3393
2016-07-26,1.330975
2016-07-27,1.339925
2016-07-28,1.3322
2016-07-29,1.3176
2016-07-30,1.315575
2016-07-31,1.315575
2016-08-01,1.321963
2016-08-02,1.329513
2016-08-03,1.316833
2016-08-04,1.313513
2016-08-05,1.313363
2016-08-06,1.312138
2016-08-07,1.312138
2016-08-08,1.305875
2016-08-09,1.303725
2016-08-10,1.295513
2016-08-11,1.2972
2016-08-12,1.306013
2016-08-13,1.306738
2016-08-14,1.306738
2016-08-15,1.301463
2016-08-16,1.299825
2016-08-17,1.311475
2016-08-18,1.301725
2016-08-19,1.312888
2016-08-20,1.31145
2016-08-21,1.31145
2016-08-22,1.310788
2016-08-23,1.31
2016-08-24,1.313838
2016-08-25,1.313725
2016-08-26,1.31675
2016-08-27,1.322
2016-08-28,1.322
2016-08-29,1.321213
2016-08-30,1.3307
2016-08-31,1.329688
2016-09-01,1.32455
2016-09-02,1.322388
2016-09-03,1.320113
2016-09-04,1.320113
2016-09-05,1.31755
2016-09-06,1.302675
2016-09-07,1.303813
2016-09-08,1.306613
2016-09-09,1.324138
2016-09-10,1.325725
2016-09-11,1.325725
2016-09-12,1.327525
2016-09-13,1.3416
2016-09-14,1.336863
2016-09-15,1.333138
2016-09-16,1.335213
2016-09-17,1.334775
2016-09-18,1.334775
2016-09-19,1.324075
2016-09-20,1.325188
2016-09-21,1.318375
2016-09-22,1.308425
2016-09-23,1.311588
2016-09-24,1.3111
2016-09-25,1.3111
2016-09-26,1.308838
2016-09-27,1.30485
2016-09-28,1.305363
2016-09-29,1.30265
2016-09-30,1.3044
2016-10-01,1.305225
2016-10-02,1.305225
2016-10-03,1.304413
2016-10-04,1.31205
2016-10-05,1.311688
2016-10-06,1.316088
2016-10-07,1.321938
2016-10-08,1.3128
2016-10-09,1.317775
2016-10-10,1.313913
2016-10-11,1.325525
2016-10-12,1.321913
2016-10-13,1.322363
2016-10-14,1.3125
2016-10-15,1.312538
2016-10-16,1.312538
2016-10-17,1.3116
2016-10-18,1.303
2016-10-19,1.29525
2016-10-20,1.3099
2016-10-21,1.316075
2016-10-22,1.314125
2016-10-23,1.314125
2016-10-24,1.315775
2016-10-25,1.307275
2016-10-26,1.301513
2016-10-27,1.316725
2016-10-28,1.31785
2016-10-29,1.315925
2016-10-30,1.315925
2016-10-31,1.314313
2016-11-01,1.307675
2016-11-02,1.303588
2016-11-03,1.302113
2016-11-04,1.302238
2016-11-05,1.303013
2016-11-06,1.303013
2016-11-07,1.298613
2016-11-08,1.291988
2016-11-09,1.308038
2016-11-10,1.3136
2016-11-11,1.323025
2016-11-12,1.324675
2016-11-13,1.324675
2016-11-14,1.32645
2016-11-15,1.325288
2016-11-16,1.334888
2016-11-17,1.344338
2016-11-18,1.36205
2016-11-19,1.362375
2016-11-20,1.362375
2016-11-21,1.358538
2016-11-22,1.352375
2016-11-23,1.353363
2016-11-24,1.3502
2016-11-25,1.346013
2016-11-26,1.343338
2016-11-27,1.343338
2016-11-28,1.338275
2016-11-29,1.337925
2016-11-30,1.352925
2016-12-01,1.350925
2016-12-02,1.341888
2016-12-03,1.3403
2016-12-04,1.3403
2016-12-05,1.335975
2016-12-06,1.341963
2016-12-07,1.338038
2016-12-08,1.334013
2016-12-09,1.344175
2016-12-10,1.34195
2016-12-11,1.34195
2016-12-12,1.333575
2016-12-13,1.334088
2016-12-14,1.331038
2016-12-15,1.359438
2016-12-16,1.370525
2016-12-17,1.369106
2016-12-18,1.3691
2016-12-19,1.377904
2016-12-20,1.378648
2016-12-21,1.379572
2016-12-22,1.387497
2016-12-23,1.394655
2016-12-24,1.393728
2016-12-25,1.3943
2016-12-26,1.390117
2016-12-27,1.391288
2016-12-28,1.393879
2016-12-29,1.387659
2016-12-30,1.385629
2016-12-31,1.3886
2017-01-01,1.3873
